timestamp,actual_wind_speed_40m,pred_lstm,pred_cnn_lstm,pred_cnn_gru,selected_action,selected_model,pred_drl_hybrid,hybrid_under_prediction
2014-01-01 01:00:00,1.61,1.6127596,1.6208439,1.6970594,1,CNN-LSTM,1.6208439,False
2014-01-01 01:05:00,1.54,1.5458232,1.5508233,1.6238333,1,CNN-LSTM,1.5508233,False
2014-01-01 01:10:00,1.43,1.4656757,1.4474695,1.5147983,1,CNN-LSTM,1.4474695,False
2014-01-01 01:15:00,1.3,1.3422693,1.3398292,1.3859372,1,CNN-LSTM,1.3398292,False
2014-01-01 01:20:00,1.19,1.2128094,1.1954991,1.2747977,1,CNN-LSTM,1.1954991,False
2014-01-01 01:25:00,1.11,1.1500645,1.0834227,1.1761103,1,CNN-LSTM,1.0834227,True
2014-01-01 01:30:00,0.99,1.0864242,1.0402119,1.0949656,1,CNN-LSTM,1.0402119,False
2014-01-01 01:35:00,0.87,0.8911902,0.93830013,1.0147513,1,CNN-LSTM,0.93830013,False
2014-01-01 01:40:00,0.79,0.82120514,0.83781296,0.92168295,1,CNN-LSTM,0.83781296,False
2014-01-01 01:45:00,0.7,0.7877284,0.7798579,0.84376687,1,CNN-LSTM,0.7798579,False
2014-01-01 01:50:00,0.65,0.639056,0.6784955,0.7689212,1,CNN-LSTM,0.6784955,False
2014-01-01 01:55:00,0.68,0.64939785,0.60450625,0.73538053,1,CNN-LSTM,0.60450625,True
2014-01-01 02:00:00,0.79,0.7407397,0.6651182,0.7564499,1,CNN-LSTM,0.6651182,True
2014-01-01 02:05:00,0.91,0.89362544,0.8406278,0.8314927,1,CNN-LSTM,0.8406278,True
2014-01-01 02:10:00,1.03,0.9954265,0.9996698,0.95643675,1,CNN-LSTM,0.9996698,True
2014-01-01 02:15:00,1.14,1.1034782,1.1068673,1.0993735,1,CNN-LSTM,1.1068673,True
2014-01-01 02:20:00,1.23,1.192246,1.194743,1.2224423,1,CNN-LSTM,1.194743,True
2014-01-01 02:25:00,1.26,1.2745773,1.274381,1.2994153,1,CNN-LSTM,1.274381,False
2014-01-01 02:30:00,1.25,1.2590331,1.2786896,1.3321996,1,CNN-LSTM,1.2786896,False
2014-01-01 02:35:00,1.26,1.219793,1.2388928,1.313683,1,CNN-LSTM,1.2388928,True
2014-01-01 02:40:00,1.29,1.2585701,1.2368423,1.3051268,1,CNN-LSTM,1.2368423,True
2014-01-01 02:45:00,1.35,1.3205335,1.2869728,1.3294764,1,CNN-LSTM,1.2869728,True
2014-01-01 02:50:00,1.41,1.3900441,1.3596504,1.3917443,1,CNN-LSTM,1.3596504,True
2014-01-01 02:55:00,1.46,1.4410611,1.4150858,1.4405111,1,CNN-LSTM,1.4150858,True
2014-01-01 03:00:00,1.5,1.489298,1.4733574,1.499405,1,CNN-LSTM,1.4733574,True
2014-01-01 03:05:00,1.52,1.5196372,1.5119638,1.5552843,1,CNN-LSTM,1.5119638,True
2014-01-01 03:10:00,1.52,1.5216163,1.511153,1.5639131,1,CNN-LSTM,1.511153,True
2014-01-01 03:15:00,1.5,1.499424,1.479016,1.5434997,1,CNN-LSTM,1.479016,True
2014-01-01 03:20:00,1.44,1.4605962,1.4410352,1.5207784,1,CNN-LSTM,1.4410352,False
2014-01-01 03:25:00,1.35,1.3724612,1.356034,1.4387269,1,CNN-LSTM,1.356034,False
2014-01-01 03:30:00,1.26,1.2793502,1.2671607,1.3543705,1,CNN-LSTM,1.2671607,False
2014-01-01 03:35:00,1.17,1.1975906,1.1802031,1.2684032,1,CNN-LSTM,1.1802031,False
2014-01-01 03:40:00,1.14,1.1065013,1.0885012,1.1712672,1,CNN-LSTM,1.0885012,True
2014-01-01 03:45:00,1.13,1.1235445,1.0776156,1.1403583,1,CNN-LSTM,1.0776156,True
2014-01-01 03:50:00,1.19,1.1290995,1.1007288,1.1314352,1,CNN-LSTM,1.1007288,True
2014-01-01 03:55:00,1.31,1.2245036,1.1854509,1.1912588,1,CNN-LSTM,1.1854509,True
2014-01-01 04:00:00,1.45,1.3817229,1.3121984,1.3038824,1,CNN-LSTM,1.3121984,True
2014-01-01 04:05:00,1.58,1.5327725,1.480628,1.4735819,1,CNN-LSTM,1.480628,True
2014-01-01 04:10:00,1.68,1.6560262,1.6342089,1.6408707,1,CNN-LSTM,1.6342089,True
2014-01-01 04:15:00,1.77,1.7419792,1.7409413,1.7522727,1,CNN-LSTM,1.7409413,True
2014-01-01 04:20:00,1.86,1.833954,1.8340344,1.8421263,1,CNN-LSTM,1.8340344,True
2014-01-01 04:25:00,1.91,1.9331014,1.9189541,1.96762,1,CNN-LSTM,1.9189541,False
2014-01-01 04:30:00,1.93,1.950483,1.9293739,2.0130286,1,CNN-LSTM,1.9293739,True
2014-01-01 04:35:00,1.92,1.9570493,1.9324872,2.026535,1,CNN-LSTM,1.9324872,False
2014-01-01 04:40:00,1.91,1.9281836,1.8957412,1.9917475,1,CNN-LSTM,1.8957412,True
2014-01-01 04:45:00,1.89,1.910254,1.8591275,1.9823143,1,CNN-LSTM,1.8591275,True
2014-01-01 04:50:00,1.87,1.8939568,1.8303198,1.9450392,1,CNN-LSTM,1.8303198,True
2014-01-01 04:55:00,1.87,1.8771814,1.808239,1.9190177,1,CNN-LSTM,1.808239,True
2014-01-01 05:00:00,3.98,1.901775,1.8329127,1.9199933,1,CNN-LSTM,1.8329127,True
2014-01-01 05:05:00,3.99,5.1381083,5.205382,6.186403,1,CNN-LSTM,5.205382,False
2014-01-01 05:10:00,3.99,4.0750113,4.2278466,4.032916,1,CNN-LSTM,4.2278466,False
2014-01-01 05:15:00,3.99,3.6819701,3.626118,3.6497161,1,CNN-LSTM,3.626118,True
2014-01-01 05:20:00,4.01,4.046336,3.7335749,3.8777447,1,CNN-LSTM,3.7335749,True
2014-01-01 05:25:00,4.03,3.6716847,3.7190738,3.878053,1,CNN-LSTM,3.7190738,True
2014-01-01 05:30:00,4.07,4.0901165,3.770788,3.901978,1,CNN-LSTM,3.770788,True
2014-01-01 05:35:00,4.13,4.0632596,3.904893,4.019501,1,CNN-LSTM,3.904893,True
2014-01-01 05:40:00,4.21,4.175216,3.9886198,4.1087184,1,CNN-LSTM,3.9886198,True
2014-01-01 05:45:00,4.3,4.241335,4.0665903,4.1970215,1,CNN-LSTM,4.0665903,True
2014-01-01 05:50:00,4.37,4.315318,4.184618,4.294431,1,CNN-LSTM,4.184618,True
2014-01-01 05:55:00,4.42,4.3948197,4.313384,4.389772,1,CNN-LSTM,4.313384,True
2014-01-01 06:00:00,4.47,4.409748,4.341871,4.4000173,1,CNN-LSTM,4.341871,True
2014-01-01 06:05:00,4.51,4.468099,4.4039826,4.437075,1,CNN-LSTM,4.4039826,True
2014-01-01 06:10:00,4.53,4.4907446,4.447124,4.461636,1,CNN-LSTM,4.447124,True
2014-01-01 06:15:00,4.57,4.5033736,4.4642467,4.482247,1,CNN-LSTM,4.4642467,True
2014-01-01 06:20:00,4.64,4.584462,4.5265446,4.533276,1,CNN-LSTM,4.5265446,True
2014-01-01 06:25:00,4.69,4.6603656,4.60385,4.619056,1,CNN-LSTM,4.60385,True
2014-01-01 06:30:00,4.73,4.6865826,4.64814,4.673536,1,CNN-LSTM,4.64814,True
2014-01-01 06:35:00,4.74,4.7214746,4.685184,4.7142043,1,CNN-LSTM,4.685184,True
2014-01-01 06:40:00,4.75,4.724903,4.700016,4.734949,1,CNN-LSTM,4.700016,True
2014-01-01 06:45:00,4.76,4.739647,4.714929,4.7540383,1,CNN-LSTM,4.714929,True
2014-01-01 06:50:00,4.78,4.749767,4.7264485,4.7694983,1,CNN-LSTM,4.7264485,True
2014-01-01 06:55:00,4.83,4.7981715,4.762886,4.806951,1,CNN-LSTM,4.762886,True
2014-01-01 07:00:00,4.88,4.8494525,4.8116994,4.862878,1,CNN-LSTM,4.8116994,True
2014-01-01 07:05:00,4.96,4.914679,4.884103,4.934969,1,CNN-LSTM,4.884103,True
2014-01-01 07:10:00,5.05,5.010081,4.9897246,5.0296926,1,CNN-LSTM,4.9897246,True
2014-01-01 07:15:00,5.18,5.097149,5.1000977,5.12509,1,CNN-LSTM,5.1000977,True
2014-01-01 07:20:00,5.29,5.233264,5.231258,5.248974,1,CNN-LSTM,5.231258,True
2014-01-01 07:25:00,5.41,5.344638,5.347263,5.36894,1,CNN-LSTM,5.347263,True
2014-01-01 07:30:00,5.53,5.4584827,5.4622216,5.4801784,1,CNN-LSTM,5.4622216,True
2014-01-01 07:35:00,5.62,5.547406,5.5488696,5.5594172,1,CNN-LSTM,5.5488696,True
2014-01-01 07:40:00,5.64,5.631703,5.620947,5.6269727,1,CNN-LSTM,5.620947,True
2014-01-01 07:45:00,5.6,5.5869246,5.607264,5.608769,1,CNN-LSTM,5.607264,False
2014-01-01 07:50:00,5.58,5.5344286,5.5444455,5.5529675,1,CNN-LSTM,5.5444455,True
2014-01-01 07:55:00,5.56,5.4868326,5.475188,5.493524,1,CNN-LSTM,5.475188,True
2014-01-01 08:00:00,5.54,5.501746,5.434471,5.4742427,1,CNN-LSTM,5.434471,True
2014-01-01 08:05:00,5.49,5.50502,5.422121,5.502684,1,CNN-LSTM,5.422121,True
2014-01-01 08:10:00,5.4,5.4238305,5.371498,5.465511,1,CNN-LSTM,5.371498,True
2014-01-01 08:15:00,5.37,5.3636923,5.3220854,5.4183173,1,CNN-LSTM,5.3220854,True
2014-01-01 08:20:00,5.38,5.3100834,5.2844825,5.384278,1,CNN-LSTM,5.2844825,True
2014-01-01 08:25:00,5.35,5.3560276,5.300699,5.4136634,1,CNN-LSTM,5.300699,True
2014-01-01 08:30:00,5.34,5.3110847,5.291574,5.4194274,1,CNN-LSTM,5.291574,True
2014-01-01 08:35:00,5.28,5.331517,5.310123,5.4313407,1,CNN-LSTM,5.310123,False
2014-01-01 08:40:00,5.21,5.2022657,5.241937,5.3549347,1,CNN-LSTM,5.241937,False
2014-01-01 08:45:00,5.12,5.1550975,5.1689563,5.273129,1,CNN-LSTM,5.1689563,False
2014-01-01 08:50:00,5.06,5.0553217,5.0617476,5.166414,1,CNN-LSTM,5.0617476,False
2014-01-01 08:55:00,5.06,5.0762906,5.044463,5.168435,1,CNN-LSTM,5.044463,True
2014-01-01 09:00:00,5.1,5.121161,5.0975833,5.2317305,1,CNN-LSTM,5.0975833,True
2014-01-01 09:05:00,5.16,5.156156,5.1458507,5.258793,1,CNN-LSTM,5.1458507,True
2014-01-01 09:10:00,5.21,5.226485,5.205172,5.2999325,1,CNN-LSTM,5.205172,True
2014-01-01 09:15:00,5.3,5.262784,5.252769,5.3225374,1,CNN-LSTM,5.252769,True
2014-01-01 09:20:00,5.41,5.3889623,5.3602743,5.411691,1,CNN-LSTM,5.3602743,True
2014-01-01 09:25:00,5.52,5.50808,5.4887004,5.5215898,1,CNN-LSTM,5.4887004,True
2014-01-01 09:30:00,5.65,5.5924377,5.585437,5.5980906,1,CNN-LSTM,5.585437,True
2014-01-01 09:35:00,5.72,5.7324386,5.7059045,5.695192,1,CNN-LSTM,5.7059045,True
2014-01-01 09:40:00,5.75,5.7442994,5.750789,5.7342534,1,CNN-LSTM,5.750789,False
2014-01-01 09:45:00,5.77,5.776719,5.782296,5.7655263,1,CNN-LSTM,5.782296,False
2014-01-01 09:50:00,5.76,5.7764454,5.7868314,5.7754674,1,CNN-LSTM,5.7868314,False
2014-01-01 09:55:00,5.74,5.7628336,5.770766,5.769065,1,CNN-LSTM,5.770766,False
2014-01-01 10:00:00,5.74,5.7373977,5.744153,5.7491727,1,CNN-LSTM,5.744153,False
2014-01-01 10:05:00,5.74,5.7753944,5.76544,5.7778416,1,CNN-LSTM,5.76544,False
2014-01-01 10:10:00,5.71,5.7509933,5.760757,5.7781944,1,CNN-LSTM,5.760757,False
2014-01-01 10:15:00,5.71,5.7028265,5.7203507,5.744148,1,CNN-LSTM,5.7203507,False
2014-01-01 10:20:00,5.71,5.736331,5.7387953,5.758901,1,CNN-LSTM,5.7387953,False
2014-01-01 10:25:00,5.75,5.7334633,5.7423034,5.7695584,1,CNN-LSTM,5.7423034,True
2014-01-01 10:30:00,5.77,5.7994742,5.7928596,5.8209796,1,CNN-LSTM,5.7928596,False
2014-01-01 10:35:00,5.77,5.784494,5.8030953,5.832413,1,CNN-LSTM,5.8030953,False
2014-01-01 10:40:00,5.74,5.774655,5.798464,5.8233647,1,CNN-LSTM,5.798464,False
2014-01-01 10:45:00,5.71,5.726316,5.7619967,5.787455,1,CNN-LSTM,5.7619967,False
2014-01-01 10:50:00,5.67,5.692098,5.7289267,5.744761,1,CNN-LSTM,5.7289267,False
2014-01-01 10:55:00,5.63,5.6667595,5.700626,5.719389,1,CNN-LSTM,5.700626,False
2014-01-01 11:00:00,5.58,5.611603,5.661835,5.678143,1,CNN-LSTM,5.661835,False
2014-01-01 11:05:00,5.96,5.5513744,5.608969,5.6195655,1,CNN-LSTM,5.608969,True
2014-01-01 11:10:00,6.11,6.371582,6.234991,6.3600416,1,CNN-LSTM,6.234991,False
2014-01-01 11:15:00,6.32,6.095689,6.158398,6.2207913,1,CNN-LSTM,6.158398,True
2014-01-01 11:20:00,6.5,6.504168,6.446344,6.513065,1,CNN-LSTM,6.446344,True
2014-01-01 11:25:00,6.59,6.594966,6.613501,6.6614375,1,CNN-LSTM,6.613501,False
2014-01-01 11:30:00,6.68,6.594245,6.6225433,6.664476,1,CNN-LSTM,6.6225433,True
2014-01-01 11:35:00,6.69,6.765347,6.731014,6.760818,1,CNN-LSTM,6.731014,False
2014-01-01 11:40:00,6.7,6.6728992,6.6919403,6.7246914,1,CNN-LSTM,6.6919403,True
2014-01-01 11:45:00,6.75,6.72442,6.7008862,6.7370477,1,CNN-LSTM,6.7008862,True
2014-01-01 11:50:00,6.8,6.8052917,6.7721105,6.8088307,1,CNN-LSTM,6.7721105,True
2014-01-01 11:55:00,6.75,6.8254347,6.8139834,6.8581696,1,CNN-LSTM,6.8139834,False
2014-01-01 12:00:00,6.66,6.660413,6.665601,6.724324,1,CNN-LSTM,6.665601,False
2014-01-01 12:05:00,6.57,6.596274,6.5745873,6.6348424,1,CNN-LSTM,6.5745873,False
2014-01-01 12:10:00,6.44,6.5228753,6.496786,6.562769,1,CNN-LSTM,6.496786,False
2014-01-01 12:15:00,6.34,6.343927,6.3447857,6.41293,1,CNN-LSTM,6.3447857,False
2014-01-01 12:20:00,6.24,6.297181,6.257559,6.321369,1,CNN-LSTM,6.257559,False
2014-01-01 12:25:00,6.15,6.184851,6.172189,6.2186847,1,CNN-LSTM,6.172189,False
2014-01-01 12:30:00,6.11,6.1149297,6.1003914,6.142528,1,CNN-LSTM,6.1003914,True
2014-01-01 12:35:00,6.1,6.1103725,6.0823407,6.13722,1,CNN-LSTM,6.0823407,True
2014-01-01 12:40:00,6.05,6.10542,6.087918,6.147093,1,CNN-LSTM,6.087918,False
2014-01-01 12:45:00,6.0,5.98571,6.019177,6.070318,1,CNN-LSTM,6.019177,False
2014-01-01 12:50:00,5.99,5.9770207,5.9840183,6.0308022,1,CNN-LSTM,5.9840183,True
2014-01-01 12:55:00,5.97,5.9872465,5.977642,6.0263357,1,CNN-LSTM,5.977642,False
2014-01-01 13:00:00,5.93,5.950572,5.9577374,6.0043235,1,CNN-LSTM,5.9577374,False
2014-01-01 13:05:00,5.91,5.8826776,5.9150424,5.949099,1,CNN-LSTM,5.9150424,False
2014-01-01 13:10:00,5.88,5.900946,5.9052887,5.934295,1,CNN-LSTM,5.9052887,False
2014-01-01 13:15:00,5.89,5.8435965,5.868709,5.890864,1,CNN-LSTM,5.868709,True
2014-01-01 13:20:00,5.92,5.915371,5.904081,5.925302,1,CNN-LSTM,5.904081,True
2014-01-01 13:25:00,5.97,5.9389067,5.9399357,5.962697,1,CNN-LSTM,5.9399357,True
2014-01-01 13:30:00,5.99,6.0126534,5.9963546,6.017983,1,CNN-LSTM,5.9963546,False
2014-01-01 13:35:00,5.99,5.96136,5.9871426,6.0024457,1,CNN-LSTM,5.9871426,True
2014-01-01 13:40:00,5.96,5.975093,5.9919896,5.991124,1,CNN-LSTM,5.9919896,False
2014-01-01 13:45:00,6.01,5.922648,5.9642806,5.9533715,1,CNN-LSTM,5.9642806,True
2014-01-01 13:50:00,6.09,6.0771623,6.039885,6.0393777,1,CNN-LSTM,6.039885,True
2014-01-01 13:55:00,6.17,6.1495547,6.1191344,6.1315117,1,CNN-LSTM,6.1191344,True
2014-01-01 14:00:00,6.23,6.1981277,6.194146,6.197457,1,CNN-LSTM,6.194146,True
2014-01-01 14:05:00,6.21,6.2573705,6.2593875,6.258263,1,CNN-LSTM,6.2593875,False
2014-01-01 14:10:00,6.18,6.136643,6.192043,6.180901,1,CNN-LSTM,6.192043,False
2014-01-01 14:15:00,6.17,6.156562,6.160013,6.1394153,1,CNN-LSTM,6.160013,True
2014-01-01 14:20:00,6.15,6.1845293,6.170058,6.165765,1,CNN-LSTM,6.170058,False
2014-01-01 14:25:00,6.11,6.1172237,6.1454215,6.133586,1,CNN-LSTM,6.1454215,False
2014-01-01 14:30:00,6.1,6.0694857,6.105,6.0872016,1,CNN-LSTM,6.105,False
2014-01-01 14:35:00,6.1,6.1074758,6.1149206,6.10022,1,CNN-LSTM,6.1149206,False
2014-01-01 14:40:00,6.09,6.098834,6.1248474,6.116628,1,CNN-LSTM,6.1248474,False
2014-01-01 14:45:00,6.1,6.0699396,6.1204515,6.111583,1,CNN-LSTM,6.1204515,False
2014-01-01 14:50:00,6.13,6.1091146,6.1389194,6.1366043,1,CNN-LSTM,6.1389194,False
2014-01-01 14:55:00,6.19,6.1619277,6.1791463,6.19105,1,CNN-LSTM,6.1791463,True
2014-01-01 15:00:00,6.26,6.2335987,6.2523246,6.2679214,1,CNN-LSTM,6.2523246,True
2014-01-01 15:05:00,6.32,6.3020883,6.3307023,6.3525853,1,CNN-LSTM,6.3307023,False
2014-01-01 15:10:00,6.37,6.339094,6.3799634,6.3995156,1,CNN-LSTM,6.3799634,False
2014-01-01 15:15:00,6.43,6.3848953,6.4183965,6.4378953,1,CNN-LSTM,6.4183965,True
2014-01-01 15:20:00,6.49,6.4740047,6.4963055,6.5114484,1,CNN-LSTM,6.4963055,False
2014-01-01 15:25:00,6.54,6.527988,6.5578723,6.5795674,1,CNN-LSTM,6.5578723,False
2014-01-01 15:30:00,6.58,6.5519056,6.5880113,6.613335,1,CNN-LSTM,6.5880113,False
2014-01-01 15:35:00,6.62,6.5913935,6.6196246,6.6460886,1,CNN-LSTM,6.6196246,True
2014-01-01 15:40:00,6.66,6.6363373,6.655525,6.683003,1,CNN-LSTM,6.655525,True
2014-01-01 15:45:00,6.72,6.6705275,6.686987,6.7122626,1,CNN-LSTM,6.686987,True
2014-01-01 15:50:00,6.82,6.745446,6.7581577,6.765333,1,CNN-LSTM,6.7581577,True
2014-01-01 15:55:00,6.93,6.899411,6.9082303,6.894139,1,CNN-LSTM,6.9082303,True
2014-01-01 16:00:00,7.06,7.0034733,7.02817,7.028024,1,CNN-LSTM,7.02817,True
2014-01-01 16:05:00,7.18,7.136589,7.1548595,7.158194,1,CNN-LSTM,7.1548595,True
2014-01-01 16:10:00,7.28,7.2579575,7.2756724,7.287997,1,CNN-LSTM,7.2756724,True
2014-01-01 16:15:00,7.33,7.3238964,7.3505177,7.3655577,1,CNN-LSTM,7.3505177,False
2014-01-01 16:20:00,7.4,7.322838,7.3446026,7.3731923,1,CNN-LSTM,7.3446026,True
2014-01-01 16:25:00,7.59,7.4448156,7.432773,7.4536777,1,CNN-LSTM,7.432773,True
2014-01-01 16:30:00,7.85,7.7785773,7.710316,7.7291884,1,CNN-LSTM,7.710316,True
2014-01-01 16:35:00,8.15,8.073537,8.011837,8.040001,1,CNN-LSTM,8.011837,True
2014-01-01 16:40:00,8.41,8.361577,8.314669,8.316413,1,CNN-LSTM,8.314669,True
2014-01-01 16:45:00,8.51,8.533296,8.520122,8.496043,1,CNN-LSTM,8.520122,False
2014-01-01 16:50:00,8.47,8.4910755,8.543637,8.508719,1,CNN-LSTM,8.543637,False
2014-01-01 16:55:00,8.37,8.383902,8.414738,8.423303,1,CNN-LSTM,8.414738,False
2014-01-01 17:00:00,8.27,8.300694,8.295326,8.3409395,1,CNN-LSTM,8.295326,False
2014-01-01 17:05:00,8.17,8.230417,8.205582,8.268415,1,CNN-LSTM,8.205582,False
2014-01-01 17:10:00,8.05,8.133689,8.088451,8.178216,1,CNN-LSTM,8.088451,False
2014-01-01 17:15:00,7.89,7.99977,7.956623,8.054359,1,CNN-LSTM,7.956623,False
2014-01-01 17:20:00,7.69,7.806554,7.775501,7.878,1,CNN-LSTM,7.775501,False
2014-01-01 17:25:00,7.57,7.664456,7.640306,7.724616,1,CNN-LSTM,7.640306,False
2014-01-01 17:30:00,7.44,7.5207644,7.528993,7.583326,1,CNN-LSTM,7.528993,False
2014-01-01 17:35:00,7.29,7.458135,7.435121,7.4857016,1,CNN-LSTM,7.435121,False
2014-01-01 17:40:00,7.14,7.2376337,7.2773995,7.335361,1,CNN-LSTM,7.2773995,False
2014-01-01 17:45:00,7.01,7.093092,7.133952,7.179436,1,CNN-LSTM,7.133952,False
2014-01-01 17:50:00,6.92,6.952712,7.0244603,7.0333495,1,CNN-LSTM,7.0244603,False
2014-01-01 17:55:00,6.84,6.955064,6.9837203,6.9816213,1,CNN-LSTM,6.9837203,False
2014-01-01 18:00:00,7.53,6.8076987,6.909564,6.885661,1,CNN-LSTM,6.909564,True
2014-01-01 18:05:00,7.51,8.378614,8.261729,8.272659,1,CNN-LSTM,8.261729,False
2014-01-01 18:10:00,7.48,7.50377,7.4090476,7.5299087,1,CNN-LSTM,7.4090476,True
2014-01-01 18:15:00,7.44,7.6004,7.5349894,7.5351644,1,CNN-LSTM,7.5349894,False
2014-01-01 18:20:00,7.4,7.413003,7.449281,7.461782,1,CNN-LSTM,7.449281,False
2014-01-01 18:25:00,7.39,7.3484325,7.386818,7.408941,1,CNN-LSTM,7.386818,True
2014-01-01 18:30:00,7.42,7.4250584,7.3705173,7.3957157,1,CNN-LSTM,7.3705173,True
2014-01-01 18:35:00,7.45,7.4485283,7.4261403,7.4208994,1,CNN-LSTM,7.4261403,True
2014-01-01 18:40:00,7.46,7.4874935,7.4127235,7.431521,1,CNN-LSTM,7.4127235,True
2014-01-01 18:45:00,7.5,7.44757,7.3714194,7.411035,1,CNN-LSTM,7.3714194,True
2014-01-01 18:50:00,7.59,7.5565453,7.4499993,7.4728017,1,CNN-LSTM,7.4499993,True
2014-01-01 18:55:00,7.74,7.6927896,7.5988946,7.6382756,1,CNN-LSTM,7.5988946,True
2014-01-01 19:00:00,7.88,7.886235,7.7838397,7.859879,1,CNN-LSTM,7.7838397,True
2014-01-01 19:05:00,7.99,7.9927187,7.9533124,7.997233,1,CNN-LSTM,7.9533124,True
2014-01-01 19:10:00,8.05,8.092237,8.069675,8.084479,1,CNN-LSTM,8.069675,False
2014-01-01 19:15:00,8.09,8.102962,8.087781,8.101061,1,CNN-LSTM,8.087781,True
2014-01-01 19:20:00,8.11,8.156215,8.112889,8.123052,1,CNN-LSTM,8.112889,False
2014-01-01 19:25:00,8.13,8.1500635,8.108442,8.115537,1,CNN-LSTM,8.108442,True
2014-01-01 19:30:00,8.13,8.196779,8.129554,8.127305,1,CNN-LSTM,8.129554,True
2014-01-01 19:35:00,8.11,8.13805,8.06706,8.084451,1,CNN-LSTM,8.06706,True
2014-01-01 19:40:00,8.06,8.162054,8.057913,8.0773535,1,CNN-LSTM,8.057913,True
2014-01-01 19:45:00,8.01,8.06333,8.002694,8.023296,1,CNN-LSTM,8.002694,True
2014-01-01 19:50:00,7.93,8.040045,7.961964,7.9878516,1,CNN-LSTM,7.961964,False
2014-01-01 19:55:00,7.83,7.9113703,7.866599,7.9000287,1,CNN-LSTM,7.866599,False
2014-01-01 20:00:00,7.73,7.8073635,7.7565794,7.7942047,1,CNN-LSTM,7.7565794,False
2014-01-01 20:05:00,7.59,7.731888,7.681906,7.715941,1,CNN-LSTM,7.681906,False
2014-01-01 20:10:00,7.49,7.511483,7.4925694,7.553503,1,CNN-LSTM,7.4925694,False
2014-01-01 20:15:00,7.42,7.5127664,7.4344654,7.489433,1,CNN-LSTM,7.4344654,False
2014-01-01 20:20:00,7.36,7.4165072,7.3854337,7.4334426,1,CNN-LSTM,7.3854337,False
2014-01-01 20:25:00,7.31,7.365985,7.3295503,7.3847566,1,CNN-LSTM,7.3295503,False
2014-01-01 20:30:00,7.28,7.315151,7.2885513,7.3423543,1,CNN-LSTM,7.2885513,False
2014-01-01 20:35:00,7.24,7.28864,7.264445,7.3091235,1,CNN-LSTM,7.264445,False
2014-01-01 20:40:00,7.17,7.246215,7.236225,7.2692866,1,CNN-LSTM,7.236225,False
2014-01-01 20:45:00,7.12,7.124956,7.161631,7.17625,1,CNN-LSTM,7.161631,False
2014-01-01 20:50:00,7.09,7.1370535,7.135319,7.137752,1,CNN-LSTM,7.135319,False
2014-01-01 20:55:00,7.06,7.086766,7.1047173,7.104004,1,CNN-LSTM,7.1047173,False
2014-01-01 21:00:00,6.98,7.0714397,7.077146,7.071429,1,CNN-LSTM,7.077146,False
2014-01-01 21:05:00,6.87,6.9260917,6.9860272,6.9730515,1,CNN-LSTM,6.9860272,False
2014-01-01 21:10:00,6.75,6.8195305,6.881187,6.851831,1,CNN-LSTM,6.881187,False
2014-01-01 21:15:00,6.69,6.71651,6.7792764,6.7550097,1,CNN-LSTM,6.7792764,False
2014-01-01 21:20:00,6.64,6.698826,6.739928,6.719867,1,CNN-LSTM,6.739928,False
2014-01-01 21:25:00,6.6,6.6411533,6.6963806,6.677899,1,CNN-LSTM,6.6963806,False
2014-01-01 21:30:00,6.54,6.5914855,6.6479087,6.6222024,1,CNN-LSTM,6.6479087,False
2014-01-01 21:35:00,6.49,6.5195494,6.579926,6.543366,1,CNN-LSTM,6.579926,False
2014-01-01 21:40:00,6.46,6.485387,6.534777,6.4878764,1,CNN-LSTM,6.534777,False
2014-01-01 21:45:00,6.46,6.4706073,6.510866,6.466465,1,CNN-LSTM,6.510866,False
2014-01-01 21:50:00,6.46,6.503566,6.520638,6.4923673,1,CNN-LSTM,6.520638,False
2014-01-01 21:55:00,6.46,6.4908457,6.5188165,6.503212,1,CNN-LSTM,6.5188165,False
2014-01-01 22:00:00,6.46,6.502612,6.524218,6.510147,1,CNN-LSTM,6.524218,False
2014-01-01 22:05:00,6.46,6.489687,6.5241227,6.509827,1,CNN-LSTM,6.5241227,False
2014-01-01 22:10:00,6.43,6.5012574,6.5296655,6.5126305,1,CNN-LSTM,6.5296655,False
2014-01-01 22:15:00,6.39,6.4432545,6.494395,6.475968,1,CNN-LSTM,6.494395,False
2014-01-01 22:20:00,6.33,6.4005947,6.4494805,6.4222846,1,CNN-LSTM,6.4494805,False
2014-01-01 22:25:00,6.28,6.326163,6.3818994,6.3422537,1,CNN-LSTM,6.3818994,False
2014-01-01 22:30:00,6.24,6.295348,6.3401074,6.2896256,1,CNN-LSTM,6.3401074,False
2014-01-01 22:35:00,6.23,6.265109,6.3131013,6.2603927,1,CNN-LSTM,6.3131013,False
2014-01-01 22:40:00,6.2,6.2701116,6.3175836,6.2641015,1,CNN-LSTM,6.3175836,False
2014-01-01 22:45:00,6.17,6.198828,6.266306,6.212733,1,CNN-LSTM,6.266306,False
2014-01-01 22:50:00,6.14,6.1901774,6.2379723,6.176165,1,CNN-LSTM,6.2379723,False
2014-01-01 22:55:00,6.1,6.148774,6.2090297,6.148604,1,CNN-LSTM,6.2090297,False
2014-01-01 23:00:00,6.06,6.1064253,6.1668324,6.101568,1,CNN-LSTM,6.1668324,False
2014-01-01 23:05:00,6.01,6.0600457,6.120154,6.047612,1,CNN-LSTM,6.120154,False
2014-01-01 23:10:00,5.97,6.010618,6.0676713,5.994742,1,CNN-LSTM,6.0676713,False
2014-01-01 23:15:00,5.93,5.9721003,6.017969,5.943933,1,CNN-LSTM,6.017969,False
2014-01-01 23:20:00,5.92,5.936966,5.9780607,5.9039474,1,CNN-LSTM,5.9780607,False
2014-01-01 23:25:00,5.92,5.951891,5.9849677,5.904552,1,CNN-LSTM,5.9849677,False
2014-01-01 23:30:00,5.92,5.943227,5.9923425,5.9096646,1,CNN-LSTM,5.9923425,False
2014-01-01 23:35:00,5.95,5.9516287,5.9987626,5.9150424,1,CNN-LSTM,5.9987626,False
2014-01-01 23:40:00,6.0,6.0032425,6.0523057,5.9717507,1,CNN-LSTM,6.0523057,False
2014-01-01 23:45:00,6.06,6.0679173,6.1236777,6.051872,1,CNN-LSTM,6.1236777,False
2014-01-01 23:50:00,6.1,6.125769,6.1907,6.1255984,1,CNN-LSTM,6.1907,False
2014-01-01 23:55:00,6.09,6.144651,6.2201524,6.1567454,1,CNN-LSTM,6.2201524,False
2014-01-02 00:00:00,6.05,6.0924435,6.182018,6.110398,1,CNN-LSTM,6.182018,False
2014-01-02 00:05:00,6.0,6.043887,6.1202445,6.0398645,1,CNN-LSTM,6.1202445,False
2014-01-02 00:10:00,5.93,6.00583,6.0687895,5.9901586,1,CNN-LSTM,6.0687895,False
2014-01-02 00:15:00,5.87,5.910877,5.9734263,5.9011164,1,CNN-LSTM,5.9734263,False
2014-01-02 00:20:00,5.81,5.86823,5.899824,5.819709,1,CNN-LSTM,5.899824,False
2014-01-02 00:25:00,5.76,5.783313,5.8139997,5.7402596,1,CNN-LSTM,5.8139997,False
2014-01-02 00:30:00,5.75,5.7649536,5.7758727,5.7015076,1,CNN-LSTM,5.7758727,False
2014-01-02 00:35:00,5.75,5.776051,5.7908177,5.7182803,1,CNN-LSTM,5.7908177,False
2014-01-02 00:40:00,5.79,5.7771673,5.8054214,5.7450666,1,CNN-LSTM,5.8054214,False
2014-01-02 00:45:00,5.82,5.8583446,5.8764563,5.83093,1,CNN-LSTM,5.8764563,False
2014-01-02 00:50:00,5.83,5.840018,5.8992476,5.8459916,1,CNN-LSTM,5.8992476,False
2014-01-02 00:55:00,5.84,5.8486953,5.891497,5.8289323,1,CNN-LSTM,5.891497,False
2014-01-02 01:00:00,5.84,5.864258,5.9047003,5.84084,1,CNN-LSTM,5.9047003,False
2014-01-02 01:05:00,5.84,5.863945,5.9069705,5.8526664,1,CNN-LSTM,5.9069705,False
2014-01-02 01:10:00,5.84,5.873069,5.9169316,5.8631167,1,CNN-LSTM,5.9169316,False
2014-01-02 01:15:00,5.82,5.8651376,5.9141164,5.8633485,1,CNN-LSTM,5.9141164,False
2014-01-02 01:20:00,5.79,5.8312416,5.8852224,5.8263283,1,CNN-LSTM,5.8852224,False
2014-01-02 01:25:00,5.72,5.785582,5.8263154,5.7610846,1,CNN-LSTM,5.8263154,False
2014-01-02 01:30:00,5.64,5.6682725,5.7148666,5.6527534,1,CNN-LSTM,5.7148666,False
2014-01-02 01:35:00,5.56,5.606225,5.6329355,5.5675488,1,CNN-LSTM,5.6329355,False
2014-01-02 01:40:00,5.49,5.533454,5.5659237,5.5128937,1,CNN-LSTM,5.5659237,False
2014-01-02 01:45:00,5.44,5.450613,5.4916763,5.4442906,1,CNN-LSTM,5.4916763,False
2014-01-02 01:50:00,5.38,5.429204,5.461238,5.4062653,1,CNN-LSTM,5.461238,False
2014-01-02 01:55:00,5.32,5.346862,5.406503,5.3552737,1,CNN-LSTM,5.406503,False
2014-01-02 02:00:00,5.23,5.2822566,5.3415227,5.2923217,1,CNN-LSTM,5.3415227,False
2014-01-02 02:05:00,5.12,5.1621103,5.2319818,5.1855164,1,CNN-LSTM,5.2319818,False
2014-01-02 02:10:00,5.01,5.0436826,5.094355,5.062919,1,CNN-LSTM,5.094355,False
2014-01-02 02:15:00,4.88,4.960163,4.9809985,4.96191,1,CNN-LSTM,4.9809985,False
2014-01-02 02:20:00,4.74,4.8077188,4.8519325,4.8307414,1,CNN-LSTM,4.8519325,False
2014-01-02 02:25:00,4.61,4.6545587,4.7067394,4.658073,1,CNN-LSTM,4.7067394,False
2014-01-02 02:30:00,4.45,4.545945,4.5905037,4.508689,1,CNN-LSTM,4.5905037,False
2014-01-02 02:35:00,4.27,4.358459,4.4291816,4.353295,1,CNN-LSTM,4.4291816,False
2014-01-02 02:40:00,4.11,4.161996,4.2228274,4.1633034,1,CNN-LSTM,4.2228274,False
2014-01-02 02:45:00,3.99,4.0500607,4.1030936,4.017069,1,CNN-LSTM,4.1030936,False
2014-01-02 02:50:00,3.86,3.9363065,4.0026555,3.9110198,1,CNN-LSTM,4.0026555,False
2014-01-02 02:55:00,3.74,3.788859,3.8622377,3.7873404,1,CNN-LSTM,3.8622377,False
2014-01-02 03:00:00,3.68,3.715959,3.7572207,3.6873388,1,CNN-LSTM,3.7572207,False
2014-01-02 03:05:00,3.64,3.6802492,3.7186246,3.6442914,1,CNN-LSTM,3.7186246,False
2014-01-02 03:10:00,3.59,3.651401,3.6891146,3.6266184,1,CNN-LSTM,3.6891146,False
2014-01-02 03:15:00,3.55,3.5904522,3.6239455,3.5886323,1,CNN-LSTM,3.6239455,False
2014-01-02 03:20:00,3.54,3.5786624,3.5885074,3.561456,1,CNN-LSTM,3.5885074,False
2014-01-02 03:25:00,3.51,3.582922,3.5915673,3.5653477,1,CNN-LSTM,3.5915673,False
2014-01-02 03:30:00,3.43,3.4911594,3.512073,3.5142806,1,CNN-LSTM,3.512073,False
2014-01-02 03:35:00,3.34,3.378255,3.365903,3.3991375,1,CNN-LSTM,3.365903,False
2014-01-02 03:40:00,3.26,3.2811584,3.244126,3.289752,1,CNN-LSTM,3.244126,True
2014-01-02 03:45:00,3.18,3.2318883,3.1643248,3.2186348,1,CNN-LSTM,3.1643248,True
2014-01-02 03:50:00,3.14,3.1269245,3.0903072,3.1546664,1,CNN-LSTM,3.0903072,True
2014-01-02 03:55:00,3.15,3.0959768,3.0436904,3.1064878,1,CNN-LSTM,3.0436904,True
2014-01-02 04:00:00,3.2,3.1897955,3.1076102,3.1500168,1,CNN-LSTM,3.1076102,True
2014-01-02 04:05:00,3.28,3.2126126,3.180398,3.2305226,1,CNN-LSTM,3.180398,True
2014-01-02 04:10:00,3.38,3.2781506,3.2439952,3.2963398,1,CNN-LSTM,3.2439952,True
2014-01-02 04:15:00,3.47,3.382337,3.3364859,3.3589978,1,CNN-LSTM,3.3364859,True
2014-01-02 04:20:00,3.49,3.4625,3.4225152,3.4180324,1,CNN-LSTM,3.4225152,True
2014-01-02 04:25:00,3.5,3.4714837,3.4567032,3.4563334,1,CNN-LSTM,3.4567032,True
2014-01-02 04:30:00,3.51,3.458384,3.4568017,3.4714506,1,CNN-LSTM,3.4568017,True
2014-01-02 04:35:00,3.53,3.4770846,3.4697835,3.4789884,1,CNN-LSTM,3.4697835,True
2014-01-02 04:40:00,3.55,3.5141506,3.5029998,3.5075934,1,CNN-LSTM,3.5029998,True
2014-01-02 04:45:00,3.59,3.522709,3.5249922,3.5393107,1,CNN-LSTM,3.5249922,True
2014-01-02 04:50:00,3.63,3.5781322,3.570104,3.5869694,1,CNN-LSTM,3.570104,True
2014-01-02 04:55:00,3.65,3.5853453,3.5866704,3.6231635,1,CNN-LSTM,3.5866704,True
2014-01-02 05:00:00,3.65,3.5964203,3.5883975,3.6424484,1,CNN-LSTM,3.5883975,True
2014-01-02 05:05:00,3.64,3.6087923,3.6053119,3.658692,1,CNN-LSTM,3.6053119,True
2014-01-02 05:10:00,3.62,3.5803099,3.592921,3.6569204,1,CNN-LSTM,3.592921,True
2014-01-02 05:15:00,3.61,3.5595613,3.5762582,3.6403892,1,CNN-LSTM,3.5762582,True
2014-01-02 05:20:00,3.6,3.5759459,3.5822039,3.6419024,1,CNN-LSTM,3.5822039,True
2014-01-02 05:25:00,3.59,3.5216217,3.548794,3.6214113,1,CNN-LSTM,3.548794,True
2014-01-02 05:30:00,3.6,3.541533,3.5457025,3.6012986,1,CNN-LSTM,3.5457025,True
2014-01-02 05:35:00,3.6,3.5414152,3.5469742,3.5994916,1,CNN-LSTM,3.5469742,True
2014-01-02 05:40:00,3.58,3.5448976,3.5508385,3.6010003,1,CNN-LSTM,3.5508385,True
2014-01-02 05:45:00,3.58,3.532649,3.5372694,3.6069689,1,CNN-LSTM,3.5372694,True
2014-01-02 05:50:00,3.62,3.5441837,3.5378423,3.6275764,1,CNN-LSTM,3.5378423,True
2014-01-02 05:55:00,3.68,3.642703,3.6009068,3.686637,1,CNN-LSTM,3.6009068,True
2014-01-02 06:00:00,3.75,3.6862025,3.6480436,3.7438736,1,CNN-LSTM,3.6480436,True
2014-01-02 06:05:00,3.81,3.777905,3.7106662,3.8144042,1,CNN-LSTM,3.7106662,True
2014-01-02 06:10:00,3.86,3.8291326,3.7731256,3.8718736,1,CNN-LSTM,3.7731256,True
2014-01-02 06:15:00,3.88,3.8686962,3.8206296,3.929957,1,CNN-LSTM,3.8206296,True
2014-01-02 06:20:00,3.93,3.8825984,3.8399868,3.9588027,1,CNN-LSTM,3.8399868,True
2014-01-02 06:25:00,3.97,3.951377,3.8959932,4.0038767,1,CNN-LSTM,3.8959932,True
2014-01-02 06:30:00,4.02,3.97573,3.9237785,4.045569,1,CNN-LSTM,3.9237785,True
2014-01-02 06:35:00,4.04,4.027636,3.9608128,4.0835366,1,CNN-LSTM,3.9608128,True
2014-01-02 06:40:00,4.04,4.025352,3.9669282,4.094657,1,CNN-LSTM,3.9669282,True
2014-01-02 06:45:00,4.03,4.01714,3.959651,4.08863,1,CNN-LSTM,3.959651,True
2014-01-02 06:50:00,4.03,4.0133753,3.9529834,4.0845428,1,CNN-LSTM,3.9529834,True
2014-01-02 06:55:00,4.05,4.0234003,3.9656,4.0922384,1,CNN-LSTM,3.9656,True
2014-01-02 07:00:00,4.08,4.0667634,4.0012555,4.1289144,1,CNN-LSTM,4.0012555,True
2014-01-02 07:05:00,4.12,4.098774,4.0449595,4.163517,1,CNN-LSTM,4.0449595,True
2014-01-02 07:10:00,4.18,4.143132,4.0932326,4.2124076,1,CNN-LSTM,4.0932326,True
2014-01-02 07:15:00,4.25,4.2138357,4.1619134,4.2751107,1,CNN-LSTM,4.1619134,True
2014-01-02 07:20:00,4.3,4.2957277,4.262083,4.3500724,1,CNN-LSTM,4.262083,True
2014-01-02 07:25:00,4.34,4.307964,4.3036814,4.383597,1,CNN-LSTM,4.3036814,True
2014-01-02 07:30:00,4.36,4.351038,4.3391256,4.409106,1,CNN-LSTM,4.3391256,True
2014-01-02 07:35:00,4.37,4.3490467,4.352705,4.4094,1,CNN-LSTM,4.352705,True
2014-01-02 07:40:00,4.37,4.340101,4.3339005,4.4017134,1,CNN-LSTM,4.3339005,True
2014-01-02 07:45:00,4.39,4.366007,4.341255,4.4114146,1,CNN-LSTM,4.341255,True
2014-01-02 07:50:00,4.38,4.3881884,4.3675685,4.4396977,1,CNN-LSTM,4.3675685,True
2014-01-02 07:55:00,4.36,4.365516,4.359225,4.4340115,1,CNN-LSTM,4.359225,True
2014-01-02 08:00:00,4.32,4.3178506,4.319588,4.4024673,1,CNN-LSTM,4.319588,True
2014-01-02 08:05:00,4.3,4.2894883,4.2784457,4.367283,1,CNN-LSTM,4.2784457,True
2014-01-02 08:10:00,4.33,4.274748,4.2598877,4.3554487,1,CNN-LSTM,4.2598877,True
2014-01-02 08:15:00,4.39,4.312847,4.279174,4.3769717,1,CNN-LSTM,4.279174,True
2014-01-02 08:20:00,4.43,4.389442,4.334394,4.430081,1,CNN-LSTM,4.334394,True
2014-01-02 08:25:00,4.45,4.422696,4.3733344,4.472625,1,CNN-LSTM,4.3733344,True
2014-01-02 08:30:00,4.41,4.4272504,4.3863344,4.485389,1,CNN-LSTM,4.3863344,True
2014-01-02 08:35:00,4.45,4.387936,4.3662496,4.460331,1,CNN-LSTM,4.3662496,True
2014-01-02 08:40:00,4.41,4.399049,4.356787,4.453197,1,CNN-LSTM,4.356787,True
2014-01-02 08:45:00,4.35,4.3892875,4.33373,4.4444494,1,CNN-LSTM,4.33373,True
2014-01-02 08:50:00,4.22,4.3036633,4.267925,4.389169,1,CNN-LSTM,4.267925,False
2014-01-02 08:55:00,4.1,4.103932,4.113136,4.2380157,1,CNN-LSTM,4.113136,False
2014-01-02 09:00:00,4.04,4.068133,4.039679,4.156655,1,CNN-LSTM,4.039679,True
2014-01-02 09:05:00,4.04,4.0752015,4.0359216,4.1692724,1,CNN-LSTM,4.0359216,True
2014-01-02 09:10:00,4.06,4.0961924,4.063365,4.2104926,1,CNN-LSTM,4.063365,False
2014-01-02 09:15:00,4.13,4.11131,4.0903416,4.2281594,1,CNN-LSTM,4.0903416,True
2014-01-02 09:20:00,4.21,4.2296886,4.202995,4.336762,1,CNN-LSTM,4.202995,True
2014-01-02 09:25:00,4.3,4.2932606,4.28826,4.421029,1,CNN-LSTM,4.28826,True
2014-01-02 09:30:00,4.37,4.3802376,4.3660817,4.5073795,1,CNN-LSTM,4.3660817,True
2014-01-02 09:35:00,4.42,4.4250703,4.403328,4.543554,1,CNN-LSTM,4.403328,True
2014-01-02 09:40:00,4.48,4.4604306,4.424948,4.558189,1,CNN-LSTM,4.424948,True
2014-01-02 09:45:00,4.5,4.531339,4.469839,4.595695,1,CNN-LSTM,4.469839,True
2014-01-02 09:50:00,4.55,4.5193686,4.4715247,4.5873785,1,CNN-LSTM,4.4715247,True
2014-01-02 09:55:00,4.6,4.613936,4.5463824,4.659102,1,CNN-LSTM,4.5463824,True
2014-01-02 10:00:00,4.63,4.633573,4.5741005,4.678257,1,CNN-LSTM,4.5741005,True
2014-01-02 10:05:00,4.68,4.6596107,4.6077666,4.6950536,1,CNN-LSTM,4.6077666,True
2014-01-02 10:10:00,4.73,4.7488832,4.692898,4.7708097,1,CNN-LSTM,4.692898,True
2014-01-02 10:15:00,4.8,4.775011,4.7486277,4.8177876,1,CNN-LSTM,4.7486277,True
2014-01-02 10:20:00,4.88,4.860704,4.830318,4.884004,1,CNN-LSTM,4.830318,True
2014-01-02 10:25:00,4.96,4.957313,4.942034,4.987403,1,CNN-LSTM,4.942034,True
2014-01-02 10:30:00,5.01,5.0268497,5.041323,5.0720725,1,CNN-LSTM,5.041323,False
2014-01-02 10:35:00,5.04,5.036112,5.0727286,5.090441,1,CNN-LSTM,5.0727286,False
2014-01-02 10:40:00,5.09,5.0537133,5.090361,5.0973744,1,CNN-LSTM,5.090361,False
2014-01-02 10:45:00,5.16,5.172643,5.1802645,5.1950316,1,CNN-LSTM,5.1802645,False
2014-01-02 10:50:00,5.23,5.2245502,5.2609787,5.27006,1,CNN-LSTM,5.2609787,False
2014-01-02 10:55:00,5.27,5.2650943,5.3128977,5.3120894,1,CNN-LSTM,5.3128977,False
2014-01-02 11:00:00,5.35,5.3062625,5.352308,5.3517785,1,CNN-LSTM,5.352308,False
2014-01-02 11:05:00,6.23,5.450823,5.467728,5.488968,1,CNN-LSTM,5.467728,True
2014-01-02 11:10:00,6.22,6.8200026,6.517629,6.749038,1,CNN-LSTM,6.517629,False
2014-01-02 11:15:00,6.28,5.921961,5.9145694,6.062775,1,CNN-LSTM,5.9145694,True
2014-01-02 11:20:00,6.27,6.155323,6.2043624,6.306597,1,CNN-LSTM,6.2043624,True
2014-01-02 11:25:00,6.2,6.1584826,6.1871176,6.2989316,1,CNN-LSTM,6.1871176,True
2014-01-02 11:30:00,6.14,6.033002,6.112802,6.2088685,1,CNN-LSTM,6.112802,True
2014-01-02 11:35:00,6.0,6.0991488,6.0679736,6.1424284,1,CNN-LSTM,6.0679736,False
2014-01-02 11:40:00,5.84,5.8773766,5.9155164,5.9638114,1,CNN-LSTM,5.9155164,False
2014-01-02 11:45:00,5.76,5.7815285,5.777141,5.82406,1,CNN-LSTM,5.777141,False
2014-01-02 11:50:00,5.79,5.791357,5.7655005,5.8232446,1,CNN-LSTM,5.7655005,True
2014-01-02 11:55:00,5.8,5.871853,5.8384023,5.9151783,1,CNN-LSTM,5.8384023,False
2014-01-02 12:00:00,5.81,5.8047953,5.828442,5.8960357,1,CNN-LSTM,5.828442,False
2014-01-02 12:05:00,5.82,5.8363924,5.8580103,5.9068604,1,CNN-LSTM,5.8580103,False
2014-01-02 12:10:00,5.78,5.8457975,5.8766556,5.926622,1,CNN-LSTM,5.8766556,False
2014-01-02 12:15:00,5.73,5.7209826,5.787464,5.83417,1,CNN-LSTM,5.787464,False
2014-01-02 12:20:00,5.71,5.726088,5.7486835,5.782344,1,CNN-LSTM,5.7486835,False
2014-01-02 12:25:00,5.69,5.7283254,5.747687,5.7825837,1,CNN-LSTM,5.747687,False
2014-01-02 12:30:00,5.64,5.682041,5.7108693,5.744579,1,CNN-LSTM,5.7108693,False
2014-01-02 12:35:00,5.58,5.6100307,5.649527,5.673551,1,CNN-LSTM,5.649527,False
2014-01-02 12:40:00,5.49,5.542012,5.5936666,5.6022606,1,CNN-LSTM,5.5936666,False
2014-01-02 12:45:00,5.4,5.4382796,5.5087123,5.506076,1,CNN-LSTM,5.5087123,False
2014-01-02 12:50:00,5.36,5.3544846,5.4226356,5.423262,1,CNN-LSTM,5.4226356,False
2014-01-02 12:55:00,5.36,5.375927,5.4110727,5.4168687,1,CNN-LSTM,5.4110727,False
2014-01-02 13:00:00,5.35,5.376175,5.417148,5.422409,1,CNN-LSTM,5.417148,False
2014-01-02 13:05:00,5.37,5.3363004,5.3940053,5.394407,1,CNN-LSTM,5.3940053,False
2014-01-02 13:10:00,5.37,5.3986025,5.430634,5.424269,1,CNN-LSTM,5.430634,False
2014-01-02 13:15:00,5.37,5.357353,5.421759,5.409504,1,CNN-LSTM,5.421759,False
2014-01-02 13:20:00,5.35,5.365139,5.4234624,5.401364,1,CNN-LSTM,5.4234624,False
2014-01-02 13:25:00,5.38,5.3347883,5.400516,5.3752255,1,CNN-LSTM,5.400516,False
2014-01-02 13:30:00,5.41,5.4449415,5.4694943,5.4419713,1,CNN-LSTM,5.4694943,False
2014-01-02 13:35:00,5.46,5.4187956,5.479952,5.4566503,1,CNN-LSTM,5.479952,False
2014-01-02 13:40:00,5.5,5.5053997,5.5404167,5.51321,1,CNN-LSTM,5.5404167,False
2014-01-02 13:45:00,5.56,5.5225315,5.5748034,5.548736,1,CNN-LSTM,5.5748034,False
2014-01-02 13:50:00,5.6,5.605017,5.635262,5.618613,1,CNN-LSTM,5.635262,False
2014-01-02 13:55:00,5.66,5.6103644,5.6542907,5.63576,1,CNN-LSTM,5.6542907,True
2014-01-02 14:00:00,5.72,5.7156405,5.727618,5.7178025,1,CNN-LSTM,5.727618,False
2014-01-02 14:05:00,5.74,5.75819,5.7844152,5.7870736,1,CNN-LSTM,5.7844152,False
2014-01-02 14:10:00,5.73,5.7340455,5.7820134,5.7937236,1,CNN-LSTM,5.7820134,False
2014-01-02 14:15:00,5.72,5.713162,5.7632756,5.7680125,1,CNN-LSTM,5.7632756,False
2014-01-02 14:20:00,5.69,5.7330465,5.774346,5.779266,1,CNN-LSTM,5.774346,False
2014-01-02 14:25:00,5.62,5.6430383,5.726903,5.7218814,1,CNN-LSTM,5.726903,False
2014-01-02 14:30:00,5.56,5.56124,5.6549454,5.632458,1,CNN-LSTM,5.6549454,False
2014-01-02 14:35:00,5.51,5.518433,5.606786,5.584342,1,CNN-LSTM,5.606786,False
2014-01-02 14:40:00,5.48,5.484736,5.572724,5.5541825,1,CNN-LSTM,5.572724,False
2014-01-02 14:45:00,5.47,5.4549217,5.554651,5.535727,1,CNN-LSTM,5.554651,False
2014-01-02 14:50:00,5.48,5.4590883,5.5524235,5.53177,1,CNN-LSTM,5.5524235,False
2014-01-02 14:55:00,5.5,5.487278,5.5711703,5.552715,1,CNN-LSTM,5.5711703,False
2014-01-02 15:00:00,5.51,5.5091085,5.6020947,5.5828047,1,CNN-LSTM,5.6020947,False
2014-01-02 15:05:00,5.51,5.500089,5.609517,5.5868053,1,CNN-LSTM,5.609517,False
2014-01-02 15:10:00,5.5,5.4831753,5.5967493,5.565438,1,CNN-LSTM,5.5967493,False
2014-01-02 15:15:00,5.52,5.4916344,5.5925517,5.556723,1,CNN-LSTM,5.5925517,False
2014-01-02 15:20:00,5.54,5.536722,5.619898,5.5889635,1,CNN-LSTM,5.619898,False
2014-01-02 15:25:00,5.58,5.5515313,5.638784,5.61161,1,CNN-LSTM,5.638784,False
2014-01-02 15:30:00,5.61,5.5999727,5.673016,5.6495624,1,CNN-LSTM,5.673016,False
2014-01-02 15:35:00,5.64,5.61474,5.692285,5.6704593,1,CNN-LSTM,5.692285,False
2014-01-02 15:40:00,5.64,5.650795,5.7236886,5.7038646,1,CNN-LSTM,5.7236886,False
2014-01-02 15:45:00,5.63,5.606823,5.7077403,5.683041,1,CNN-LSTM,5.7077403,False
2014-01-02 15:50:00,5.65,5.6187153,5.6980124,5.67168,1,CNN-LSTM,5.6980124,False
2014-01-02 15:55:00,5.67,5.656559,5.718267,5.6973643,1,CNN-LSTM,5.718267,False
2014-01-02 16:00:00,5.69,5.685455,5.745544,5.733039,1,CNN-LSTM,5.745544,False
2014-01-02 16:05:00,5.7,5.6761866,5.750975,5.742887,1,CNN-LSTM,5.750975,False
2014-01-02 16:10:00,5.71,5.691123,5.757221,5.746701,1,CNN-LSTM,5.757221,False
2014-01-02 16:15:00,5.7,5.7042103,5.769366,5.7579255,1,CNN-LSTM,5.769366,False
2014-01-02 16:20:00,5.68,5.6744156,5.758188,5.7461634,1,CNN-LSTM,5.758188,False
2014-01-02 16:25:00,5.64,5.6467137,5.7394423,5.713762,1,CNN-LSTM,5.7394423,False
2014-01-02 16:30:00,5.6,5.58583,5.6882386,5.6481333,1,CNN-LSTM,5.6882386,False
2014-01-02 16:35:00,5.56,5.5615234,5.6534953,5.608379,1,CNN-LSTM,5.6534953,False
2014-01-02 16:40:00,5.55,5.54414,5.6320486,5.5913634,1,CNN-LSTM,5.6320486,False
2014-01-02 16:45:00,5.53,5.542017,5.6333055,5.594782,1,CNN-LSTM,5.6333055,False
2014-01-02 16:50:00,5.49,5.506809,5.613502,5.571859,1,CNN-LSTM,5.613502,False
2014-01-02 16:55:00,5.43,5.436054,5.559812,5.5220966,1,CNN-LSTM,5.559812,False
2014-01-02 17:00:00,5.38,5.395194,5.5146,5.477325,1,CNN-LSTM,5.5146,False
2014-01-02 17:05:00,5.31,5.350615,5.4777646,5.4404864,1,CNN-LSTM,5.4777646,False
2014-01-02 17:10:00,5.24,5.2870903,5.4213614,5.392919,1,CNN-LSTM,5.4213614,False
2014-01-02 17:15:00,5.16,5.203934,5.3485146,5.3287706,1,CNN-LSTM,5.3485146,False
2014-01-02 17:20:00,5.1,5.1353145,5.26928,5.257459,1,CNN-LSTM,5.26928,False
2014-01-02 17:25:00,5.06,5.0960464,5.224846,5.2195497,1,CNN-LSTM,5.224846,False
2014-01-02 17:30:00,5.05,5.0545144,5.178097,5.1741767,1,CNN-LSTM,5.178097,False
2014-01-02 17:35:00,5.04,5.072211,5.1780205,5.154388,1,CNN-LSTM,5.1780205,False
2014-01-02 17:40:00,5.08,5.1134186,5.221147,5.187799,1,CNN-LSTM,5.221147,False
2014-01-02 17:45:00,5.14,5.1398664,5.2738953,5.232606,1,CNN-LSTM,5.2738953,False
2014-01-02 17:50:00,5.2,5.2337875,5.347833,5.2968936,1,CNN-LSTM,5.347833,False
2014-01-02 17:55:00,5.26,5.27889,5.4118166,5.35512,1,CNN-LSTM,5.4118166,False
2014-01-02 18:00:00,5.59,5.2999773,5.4238563,5.377334,1,CNN-LSTM,5.4238563,True
2014-01-02 18:05:00,5.63,5.7325854,5.663282,5.568402,1,CNN-LSTM,5.663282,False
2014-01-02 18:10:00,5.63,5.638398,5.704333,5.6391873,1,CNN-LSTM,5.704333,False
2014-01-02 18:15:00,5.61,5.6469574,5.717734,5.700846,1,CNN-LSTM,5.717734,False
2014-01-02 18:20:00,5.61,5.6096497,5.7057686,5.697931,1,CNN-LSTM,5.7057686,False
2014-01-02 18:25:00,5.62,5.66845,5.7463646,5.732655,1,CNN-LSTM,5.7463646,False
2014-01-02 18:30:00,5.68,5.681451,5.770225,5.74608,1,CNN-LSTM,5.770225,False
2014-01-02 18:35:00,5.73,5.754385,5.8203626,5.7806644,1,CNN-LSTM,5.8203626,False
2014-01-02 18:40:00,5.77,5.8009276,5.8707967,5.8367887,1,CNN-LSTM,5.8707967,False
2014-01-02 18:45:00,5.82,5.799034,5.8958015,5.8595495,1,CNN-LSTM,5.8958015,False
2014-01-02 18:50:00,5.85,5.8840785,5.947864,5.912481,1,CNN-LSTM,5.947864,False
2014-01-02 18:55:00,5.89,5.90721,5.996276,5.9602904,1,CNN-LSTM,5.996276,False
2014-01-02 19:00:00,5.88,5.910262,6.0142956,5.9735374,1,CNN-LSTM,6.0142956,False
2014-01-02 19:05:00,5.88,5.875594,5.9753156,5.9360213,1,CNN-LSTM,5.9753156,False
2014-01-02 19:10:00,5.87,5.91551,5.97829,5.9405646,1,CNN-LSTM,5.97829,False
2014-01-02 19:15:00,5.87,5.8919573,5.972216,5.9418864,1,CNN-LSTM,5.972216,False
2014-01-02 19:20:00,5.88,5.9146986,5.9894567,5.9561415,1,CNN-LSTM,5.9894567,False
2014-01-02 19:25:00,5.9,5.9339423,6.0163407,5.979159,1,CNN-LSTM,6.0163407,False
2014-01-02 19:30:00,5.92,5.9307313,6.031097,5.994063,1,CNN-LSTM,6.031097,False
2014-01-02 19:35:00,5.96,5.9312935,6.0206494,5.9774632,1,CNN-LSTM,6.0206494,False
2014-01-02 19:40:00,6.02,6.0357065,6.0851007,6.0315714,1,CNN-LSTM,6.0851007,False
2014-01-02 19:45:00,6.12,6.066533,6.1428137,6.094707,1,CNN-LSTM,6.1428137,False
2014-01-02 19:50:00,6.24,6.2423773,6.2669845,6.2461343,1,CNN-LSTM,6.2669845,False
2014-01-02 19:55:00,6.38,6.345687,6.3948693,6.3988643,1,CNN-LSTM,6.3948693,False
2014-01-02 20:00:00,6.55,6.5131783,6.529387,6.566352,1,CNN-LSTM,6.529387,True
2014-01-02 20:05:00,6.67,6.689587,6.7200227,6.738809,1,CNN-LSTM,6.7200227,False
2014-01-02 20:10:00,6.82,6.819977,6.8739157,6.871401,1,CNN-LSTM,6.8739157,False
2014-01-02 20:15:00,7.03,7.041169,7.0948634,7.0656924,1,CNN-LSTM,7.0948634,False
2014-01-02 20:20:00,7.27,7.236369,7.2841196,7.283525,1,CNN-LSTM,7.2841196,False
2014-01-02 20:25:00,7.46,7.4275165,7.4240155,7.417225,1,CNN-LSTM,7.4240155,True
2014-01-02 20:30:00,7.58,7.5632305,7.5133157,7.5158787,1,CNN-LSTM,7.5133157,True
2014-01-02 20:35:00,7.66,7.66022,7.585094,7.604127,1,CNN-LSTM,7.585094,True
2014-01-02 20:40:00,7.68,7.7531853,7.670639,7.709027,1,CNN-LSTM,7.670639,True
2014-01-02 20:45:00,7.71,7.708786,7.669885,7.728837,1,CNN-LSTM,7.669885,True
2014-01-02 20:50:00,7.73,7.8217225,7.7493405,7.8070617,1,CNN-LSTM,7.7493405,False
2014-01-02 20:55:00,7.75,7.795169,7.7680573,7.832147,1,CNN-LSTM,7.7680573,False
2014-01-02 21:00:00,7.76,7.8396926,7.790929,7.856026,1,CNN-LSTM,7.790929,False
2014-01-02 21:05:00,7.75,7.8404703,7.8041015,7.874932,1,CNN-LSTM,7.8041015,False
2014-01-02 21:10:00,7.72,7.7924385,7.7757244,7.841063,1,CNN-LSTM,7.7757244,False
2014-01-02 21:15:00,7.69,7.7414627,7.7196245,7.772642,1,CNN-LSTM,7.7196245,False
2014-01-02 21:20:00,7.64,7.7192993,7.6852384,7.7229156,1,CNN-LSTM,7.6852384,False
2014-01-02 21:25:00,7.56,7.615768,7.592994,7.6295724,1,CNN-LSTM,7.592994,False
2014-01-02 21:30:00,7.46,7.5389595,7.4826884,7.5337987,1,CNN-LSTM,7.4826884,False
2014-01-02 21:35:00,7.33,7.3970437,7.3687186,7.4012203,1,CNN-LSTM,7.3687186,False
2014-01-02 21:40:00,7.21,7.2645545,7.2634273,7.2687693,1,CNN-LSTM,7.2634273,False
2014-01-02 21:45:00,7.11,7.1543503,7.1698394,7.158251,1,CNN-LSTM,7.1698394,False
2014-01-02 21:50:00,7.05,7.083145,7.098561,7.0866156,1,CNN-LSTM,7.098561,False
2014-01-02 21:55:00,7.05,7.0479307,7.060363,7.052833,1,CNN-LSTM,7.060363,False
2014-01-02 22:00:00,7.09,7.101527,7.0791087,7.088478,1,CNN-LSTM,7.0791087,True
2014-01-02 22:05:00,7.12,7.133693,7.1101923,7.1353126,1,CNN-LSTM,7.1101923,True
2014-01-02 22:10:00,7.12,7.1659727,7.1392565,7.1686664,1,CNN-LSTM,7.1392565,False
2014-01-02 22:15:00,7.08,7.129903,7.121247,7.160105,1,CNN-LSTM,7.121247,False
2014-01-02 22:20:00,7.03,7.05448,7.0749726,7.102629,1,CNN-LSTM,7.0749726,False
2014-01-02 22:25:00,6.97,7.024645,7.0370755,7.047429,1,CNN-LSTM,7.0370755,False
2014-01-02 22:30:00,6.93,6.9635715,6.9902205,6.9928875,1,CNN-LSTM,6.9902205,False
2014-01-02 22:35:00,6.91,6.9523077,6.964796,6.9603925,1,CNN-LSTM,6.964796,False
2014-01-02 22:40:00,6.86,6.9275284,6.943376,6.936436,1,CNN-LSTM,6.943376,False
2014-01-02 22:45:00,6.77,6.8455195,6.880204,6.8697577,1,CNN-LSTM,6.880204,False
2014-01-02 22:50:00,6.67,6.7259226,6.7754874,6.7563434,1,CNN-LSTM,6.7754874,False
2014-01-02 22:55:00,6.58,6.640347,6.671846,6.650534,1,CNN-LSTM,6.671846,False
2014-01-02 23:00:00,6.49,6.5604043,6.590923,6.564194,1,CNN-LSTM,6.590923,False
2014-01-02 23:05:00,6.38,6.46597,6.4960647,6.470201,1,CNN-LSTM,6.4960647,False
2014-01-02 23:10:00,6.19,6.322729,6.3569193,6.3206997,1,CNN-LSTM,6.3569193,False
2014-01-02 23:15:00,5.96,6.0543213,6.0784836,6.0489383,1,CNN-LSTM,6.0784836,False
2014-01-02 23:20:00,5.71,5.8251853,5.7868257,5.7872996,1,CNN-LSTM,5.7868257,False
2014-01-02 23:25:00,5.47,5.5681624,5.5547576,5.540319,1,CNN-LSTM,5.5547576,False
2014-01-02 23:30:00,5.25,5.324527,5.3263345,5.3197126,1,CNN-LSTM,5.3263345,False
2014-01-02 23:35:00,5.07,5.125617,5.110052,5.1159286,1,CNN-LSTM,5.110052,False
2014-01-02 23:40:00,4.93,4.9590893,4.939159,4.943788,1,CNN-LSTM,4.939159,False
2014-01-02 23:45:00,4.81,4.8394327,4.8271737,4.804516,1,CNN-LSTM,4.8271737,False
2014-01-02 23:50:00,4.7,4.715261,4.722139,4.6858397,1,CNN-LSTM,4.722139,False
2014-01-02 23:55:00,4.58,4.6061573,4.617051,4.5762324,1,CNN-LSTM,4.617051,False
2014-01-03 00:00:00,4.45,4.4818964,4.4902053,4.455786,1,CNN-LSTM,4.4902053,False
2014-01-03 00:05:00,4.3,4.3383703,4.3397307,4.3148456,1,CNN-LSTM,4.3397307,False
2014-01-03 00:10:00,4.16,4.2013774,4.2076306,4.180255,1,CNN-LSTM,4.2076306,False
2014-01-03 00:15:00,4.05,4.069382,4.080616,4.04221,1,CNN-LSTM,4.080616,False
2014-01-03 00:20:00,4.02,3.9910903,3.984932,3.9461784,1,CNN-LSTM,3.984932,True
2014-01-03 00:25:00,4.06,4.0400376,4.0069866,3.9664168,1,CNN-LSTM,4.0069866,True
2014-01-03 00:30:00,4.11,4.098689,4.0724764,4.0466638,1,CNN-LSTM,4.0724764,True
2014-01-03 00:35:00,4.1,4.1124954,4.103162,4.085443,1,CNN-LSTM,4.103162,False
2014-01-03 00:40:00,4.03,4.055242,4.057884,4.0495358,1,CNN-LSTM,4.057884,False
2014-01-03 00:45:00,3.92,3.9408975,3.961229,3.940059,1,CNN-LSTM,3.961229,False
2014-01-03 00:50:00,3.83,3.8453193,3.854766,3.8213725,1,CNN-LSTM,3.854766,False
2014-01-03 00:55:00,3.76,3.794928,3.7959666,3.7495005,1,CNN-LSTM,3.7959666,False
2014-01-03 01:00:00,3.72,3.734684,3.7508154,3.7033458,1,CNN-LSTM,3.7508154,False
2014-01-03 01:05:00,3.7,3.7092686,3.730874,3.669886,1,CNN-LSTM,3.730874,False
2014-01-03 01:10:00,3.65,3.688116,3.7190275,3.647963,1,CNN-LSTM,3.7190275,False
2014-01-03 01:15:00,3.6,3.6040945,3.6550426,3.5951226,1,CNN-LSTM,3.6550426,False
2014-01-03 01:20:00,3.55,3.5605893,3.5924773,3.5357354,1,CNN-LSTM,3.5924773,False
2014-01-03 01:25:00,3.54,3.5303168,3.5560226,3.4976044,1,CNN-LSTM,3.5560226,False
2014-01-03 01:30:00,3.55,3.5479712,3.5684226,3.4997754,1,CNN-LSTM,3.5684226,False
2014-01-03 01:35:00,3.56,3.58502,3.6056802,3.5449908,1,CNN-LSTM,3.6056802,False
2014-01-03 01:40:00,3.56,3.578292,3.6165164,3.5793772,1,CNN-LSTM,3.6165164,False
2014-01-03 01:45:00,3.58,3.5790834,3.6189592,3.595333,1,CNN-LSTM,3.6189592,False
2014-01-03 01:50:00,3.67,3.6053443,3.6351776,3.6245031,1,CNN-LSTM,3.6351776,True
2014-01-03 01:55:00,3.79,3.7528167,3.7460155,3.7483475,1,CNN-LSTM,3.7460155,True
2014-01-03 02:00:00,3.89,3.8877153,3.8848348,3.939619,1,CNN-LSTM,3.8848348,True
2014-01-03 02:05:00,3.9,3.942748,3.9617996,4.0424123,1,CNN-LSTM,3.9617996,False
2014-01-03 02:10:00,3.83,3.8806987,3.9206364,4.0051026,1,CNN-LSTM,3.9206364,False
2014-01-03 02:15:00,3.72,3.766943,3.8217297,3.878584,1,CNN-LSTM,3.8217297,False
2014-01-03 02:20:00,3.63,3.6811533,3.7379365,3.7504067,1,CNN-LSTM,3.7379365,False
2014-01-03 02:25:00,3.61,3.6156764,3.6754818,3.6656127,1,CNN-LSTM,3.6754818,False
2014-01-03 02:30:00,3.68,3.6507845,3.6969004,3.658505,1,CNN-LSTM,3.6969004,False
2014-01-03 02:35:00,3.74,3.7624993,3.7880654,3.7583547,1,CNN-LSTM,3.7880654,False
2014-01-03 02:40:00,3.75,3.794376,3.840569,3.8460994,1,CNN-LSTM,3.840569,False
2014-01-03 02:45:00,3.77,3.7603855,3.8300853,3.8560395,1,CNN-LSTM,3.8300853,False
2014-01-03 02:50:00,3.82,3.81361,3.855508,3.87673,1,CNN-LSTM,3.855508,False
2014-01-03 02:55:00,3.89,3.8900056,3.919263,3.9411087,1,CNN-LSTM,3.919263,False
2014-01-03 03:00:00,3.94,3.9543266,3.9790676,4.0117254,1,CNN-LSTM,3.9790676,False
2014-01-03 03:05:00,3.97,3.980608,4.004866,4.0407686,1,CNN-LSTM,4.004866,False
2014-01-03 03:10:00,3.97,3.9856048,4.012158,4.0337267,1,CNN-LSTM,4.012158,False
2014-01-03 03:15:00,3.95,3.989727,4.006427,4.025397,1,CNN-LSTM,4.006427,False
2014-01-03 03:20:00,3.93,3.948616,3.981608,3.9899993,1,CNN-LSTM,3.981608,False
2014-01-03 03:25:00,3.91,3.9393444,3.9659464,3.961587,1,CNN-LSTM,3.9659464,False
2014-01-03 03:30:00,3.91,3.9304323,3.9586399,3.9431293,1,CNN-LSTM,3.9586399,False
2014-01-03 03:35:00,3.91,3.9207625,3.956326,3.9346294,1,CNN-LSTM,3.956326,False
2014-01-03 03:40:00,3.92,3.93402,3.9621873,3.9335861,1,CNN-LSTM,3.9621873,False
2014-01-03 03:45:00,3.93,3.925665,3.9606729,3.9388542,1,CNN-LSTM,3.9606729,False
2014-01-03 03:50:00,3.93,3.9608636,3.9745913,3.9582672,1,CNN-LSTM,3.9745913,False
2014-01-03 03:55:00,3.93,3.9292207,3.965504,3.9599073,1,CNN-LSTM,3.965504,False
2014-01-03 04:00:00,3.92,3.9364762,3.9635053,3.9522734,1,CNN-LSTM,3.9635053,False
2014-01-03 04:05:00,3.9,3.903018,3.940165,3.9299376,1,CNN-LSTM,3.940165,False
2014-01-03 04:10:00,3.85,3.8680162,3.8981504,3.8827555,1,CNN-LSTM,3.8981504,False
2014-01-03 04:15:00,3.79,3.7986178,3.8286083,3.8049295,1,CNN-LSTM,3.8286083,False
2014-01-03 04:20:00,3.74,3.7681117,3.7826104,3.7507782,1,CNN-LSTM,3.7826104,False
2014-01-03 04:25:00,3.68,3.7219043,3.7473931,3.714115,1,CNN-LSTM,3.7473931,False
2014-01-03 04:30:00,3.59,3.6495857,3.685007,3.6648355,1,CNN-LSTM,3.685007,False
2014-01-03 04:35:00,3.51,3.5348115,3.575007,3.564308,1,CNN-LSTM,3.575007,False
2014-01-03 04:40:00,3.46,3.491056,3.5073395,3.4960806,1,CNN-LSTM,3.5073395,False
2014-01-03 04:45:00,3.41,3.4585986,3.4811068,3.467699,1,CNN-LSTM,3.4811068,False
2014-01-03 04:50:00,3.37,3.4040494,3.4427195,3.4339652,1,CNN-LSTM,3.4427195,False
2014-01-03 04:55:00,3.34,3.3619976,3.3985376,3.4065971,1,CNN-LSTM,3.3985376,False
2014-01-03 05:00:00,3.32,3.3345966,3.3730903,3.378685,1,CNN-LSTM,3.3730903,False
2014-01-03 05:05:00,3.28,3.3171592,3.3392992,3.3640542,1,CNN-LSTM,3.3392992,False
2014-01-03 05:10:00,3.25,3.2740712,3.3039804,3.3356645,1,CNN-LSTM,3.3039804,False
2014-01-03 05:15:00,3.24,3.237556,3.256978,3.30045,1,CNN-LSTM,3.256978,False
2014-01-03 05:20:00,3.25,3.2628727,3.266509,3.2893248,1,CNN-LSTM,3.266509,False
2014-01-03 05:25:00,3.28,3.273055,3.2838197,3.3004313,1,CNN-LSTM,3.2838197,False
2014-01-03 05:30:00,3.33,3.31916,3.320657,3.3283117,1,CNN-LSTM,3.320657,True
2014-01-03 05:35:00,3.38,3.3908935,3.3894598,3.373325,1,CNN-LSTM,3.3894598,False
2014-01-03 05:40:00,3.41,3.426044,3.4441772,3.426505,1,CNN-LSTM,3.4441772,False
2014-01-03 05:45:00,3.42,3.452424,3.4720294,3.4793591,1,CNN-LSTM,3.4720294,False
2014-01-03 05:50:00,3.41,3.4237056,3.462552,3.4767327,1,CNN-LSTM,3.462552,False
2014-01-03 05:55:00,3.41,3.4103436,3.4368021,3.4556777,1,CNN-LSTM,3.4368021,False
2014-01-03 06:00:00,3.43,3.4377213,3.4484248,3.4523792,1,CNN-LSTM,3.4484248,False
2014-01-03 06:05:00,3.45,3.455638,3.4693272,3.472251,1,CNN-LSTM,3.4693272,False
2014-01-03 06:10:00,3.47,3.4988132,3.505796,3.5171094,1,CNN-LSTM,3.505796,False
2014-01-03 06:15:00,3.5,3.5004406,3.5223927,3.5571024,1,CNN-LSTM,3.5223927,False
2014-01-03 06:20:00,3.5,3.5349364,3.5497274,3.593425,1,CNN-LSTM,3.5497274,False
2014-01-03 06:25:00,3.47,3.5099382,3.5399723,3.5980659,1,CNN-LSTM,3.5399723,False
2014-01-03 06:30:00,3.44,3.4516034,3.488504,3.5468428,1,CNN-LSTM,3.488504,False
2014-01-03 06:35:00,3.43,3.420661,3.4360335,3.4752378,1,CNN-LSTM,3.4360335,False
2014-01-03 06:40:00,3.37,3.4351969,3.4307115,3.4461288,1,CNN-LSTM,3.4307115,False
2014-01-03 06:45:00,3.32,3.385007,3.4128592,3.4340181,1,CNN-LSTM,3.4128592,False
2014-01-03 06:50:00,3.21,3.3314548,3.3690176,3.4080744,1,CNN-LSTM,3.3690176,False
2014-01-03 06:55:00,3.07,3.183136,3.2315521,3.3180234,1,CNN-LSTM,3.2315521,False
2014-01-03 07:00:00,2.94,3.0352268,3.082086,3.1890888,1,CNN-LSTM,3.082086,False
2014-01-03 07:05:00,2.83,2.9297833,2.9752793,3.0684624,1,CNN-LSTM,2.9752793,False
2014-01-03 07:10:00,2.76,2.8203492,2.877832,2.9731236,1,CNN-LSTM,2.877832,False
2014-01-03 07:15:00,2.74,2.773425,2.8106153,2.8893065,1,CNN-LSTM,2.8106153,False
2014-01-03 07:20:00,2.74,2.7924323,2.7882535,2.859037,1,CNN-LSTM,2.7882535,False
2014-01-03 07:25:00,2.72,2.8166728,2.801887,2.8730254,1,CNN-LSTM,2.801887,False
2014-01-03 07:30:00,2.65,2.7360454,2.7820773,2.853967,1,CNN-LSTM,2.7820773,False
2014-01-03 07:35:00,2.57,2.6468806,2.7178297,2.7732635,1,CNN-LSTM,2.7178297,False
2014-01-03 07:40:00,2.5,2.5994515,2.6518779,2.7088158,1,CNN-LSTM,2.6518779,False
2014-01-03 07:45:00,2.45,2.538941,2.6056123,2.662125,1,CNN-LSTM,2.6056123,False
2014-01-03 07:50:00,2.42,2.5155067,2.580627,2.6376052,1,CNN-LSTM,2.580627,False
2014-01-03 07:55:00,2.36,2.4932175,2.5728784,2.6321528,1,CNN-LSTM,2.5728784,False
2014-01-03 08:00:00,2.34,2.4057145,2.5445805,2.5862892,1,CNN-LSTM,2.5445805,False
2014-01-03 08:05:00,2.37,2.365985,2.5046706,2.549121,1,CNN-LSTM,2.5046706,False
2014-01-03 08:10:00,2.42,2.4285288,2.494895,2.5376754,1,CNN-LSTM,2.494895,False
2014-01-03 08:15:00,2.49,2.4536448,2.4870741,2.5536397,1,CNN-LSTM,2.4870741,True
2014-01-03 08:20:00,2.78,2.5108871,2.513725,2.564815,1,CNN-LSTM,2.513725,True
2014-01-03 08:25:00,2.95,2.6624923,2.6008253,2.6107216,1,CNN-LSTM,2.6008253,True
2014-01-03 08:30:00,3.01,3.0075226,2.8181438,2.7628574,1,CNN-LSTM,2.8181438,True
2014-01-03 08:35:00,3.2,3.246479,3.0950382,3.1138208,1,CNN-LSTM,3.0950382,True
2014-01-03 08:40:00,3.29,3.3442392,3.2778084,3.3417172,1,CNN-LSTM,3.2778084,True
2014-01-03 08:45:00,3.44,3.4227176,3.421092,3.5067263,1,CNN-LSTM,3.421092,True
2014-01-03 08:50:00,3.55,3.614378,3.5904274,3.676296,1,CNN-LSTM,3.5904274,False
2014-01-03 08:55:00,3.7,3.5911975,3.6305628,3.7436802,1,CNN-LSTM,3.6305628,True
2014-01-03 09:00:00,3.84,3.85528,3.7915685,3.9151683,1,CNN-LSTM,3.7915685,True
2014-01-03 09:05:00,3.96,3.9350672,3.875601,4.048898,1,CNN-LSTM,3.875601,True
2014-01-03 09:10:00,4.1,4.0198236,3.9567337,4.1336837,1,CNN-LSTM,3.9567337,True
2014-01-03 09:15:00,4.23,4.2423344,4.1385984,4.3086934,1,CNN-LSTM,4.1385984,True
2014-01-03 09:20:00,4.38,4.297656,4.242987,4.4076014,1,CNN-LSTM,4.242987,True
2014-01-03 09:25:00,4.47,4.49713,4.4140725,4.573583,1,CNN-LSTM,4.4140725,True
2014-01-03 09:30:00,4.58,4.508927,4.4736176,4.631659,1,CNN-LSTM,4.4736176,True
2014-01-03 09:35:00,4.65,4.670354,4.60495,4.763142,1,CNN-LSTM,4.60495,True
2014-01-03 09:40:00,4.7,4.6626005,4.63545,4.777923,1,CNN-LSTM,4.63545,True
2014-01-03 09:45:00,4.75,4.752142,4.7165656,4.846474,1,CNN-LSTM,4.7165656,True
2014-01-03 09:50:00,4.77,4.79535,4.7816644,4.901475,1,CNN-LSTM,4.7816644,False
2014-01-03 09:55:00,4.75,4.759299,4.7739267,4.8775063,1,CNN-LSTM,4.7739267,False
2014-01-03 10:00:00,4.73,4.7250113,4.7214503,4.8298945,1,CNN-LSTM,4.7214503,True
2014-01-03 10:05:00,4.76,4.740822,4.7257323,4.835856,1,CNN-LSTM,4.7257323,True
2014-01-03 10:10:00,4.83,4.814511,4.7988787,4.905371,1,CNN-LSTM,4.7988787,True
2014-01-03 10:15:00,4.89,4.883585,4.8868165,4.9694986,1,CNN-LSTM,4.8868165,True
2014-01-03 10:20:00,4.98,4.919989,4.94915,5.006147,1,CNN-LSTM,4.94915,True
2014-01-03 10:25:00,5.09,5.0549164,5.0649486,5.1179814,1,CNN-LSTM,5.0649486,True
2014-01-03 10:30:00,5.22,5.1820035,5.193086,5.244988,1,CNN-LSTM,5.193086,True
2014-01-03 10:35:00,5.36,5.307671,5.328874,5.3834186,1,CNN-LSTM,5.328874,True
2014-01-03 10:40:00,5.51,5.4530883,5.4782605,5.5181994,1,CNN-LSTM,5.4782605,True
2014-01-03 10:45:00,5.62,5.6160836,5.631307,5.67752,1,CNN-LSTM,5.631307,False
2014-01-03 10:50:00,5.66,5.661655,5.696866,5.7433043,1,CNN-LSTM,5.696866,False
2014-01-03 10:55:00,5.66,5.6509647,5.692511,5.7382307,1,CNN-LSTM,5.692511,False
2014-01-03 11:00:00,5.64,5.6549177,5.685228,5.723271,1,CNN-LSTM,5.685228,False
2014-01-03 11:05:00,5.31,5.629708,5.654533,5.6933146,1,CNN-LSTM,5.654533,False
2014-01-03 11:10:00,5.28,4.9397836,5.0586658,5.15729,1,CNN-LSTM,5.0586658,True
2014-01-03 11:15:00,5.27,5.3460083,5.313208,5.3343406,1,CNN-LSTM,5.313208,False
2014-01-03 11:20:00,5.26,5.286502,5.281524,5.3331876,1,CNN-LSTM,5.281524,False
2014-01-03 11:25:00,5.24,5.2225084,5.268335,5.297806,1,CNN-LSTM,5.268335,False
2014-01-03 11:30:00,5.25,5.2539926,5.2809105,5.2972403,1,CNN-LSTM,5.2809105,False
2014-01-03 11:35:00,5.21,5.2465315,5.2928443,5.3076706,1,CNN-LSTM,5.2928443,False
2014-01-03 11:40:00,5.17,5.1650376,5.2189345,5.2306232,1,CNN-LSTM,5.2189345,False
2014-01-03 11:45:00,5.15,5.163167,5.205303,5.2127995,1,CNN-LSTM,5.205303,False
2014-01-03 11:50:00,5.15,5.149552,5.1878233,5.1999245,1,CNN-LSTM,5.1878233,False
2014-01-03 11:55:00,5.09,5.1577086,5.196096,5.204578,1,CNN-LSTM,5.196096,False
2014-01-03 12:00:00,5.0,5.0201297,5.092172,5.1017923,1,CNN-LSTM,5.092172,False
2014-01-03 12:05:00,4.94,4.9339757,4.980392,5.0000567,1,CNN-LSTM,4.980392,False
2014-01-03 12:10:00,4.89,4.9279237,4.945194,4.9621124,1,CNN-LSTM,4.945194,False
2014-01-03 12:15:00,4.87,4.8671265,4.88977,4.9151225,1,CNN-LSTM,4.88977,False
2014-01-03 12:20:00,4.87,4.879989,4.889392,4.9060874,1,CNN-LSTM,4.889392,False
2014-01-03 12:25:00,4.85,4.885741,4.909863,4.9171224,1,CNN-LSTM,4.909863,False
2014-01-03 12:30:00,4.86,4.8236995,4.862577,4.8773513,1,CNN-LSTM,4.862577,False
2014-01-03 12:35:00,4.88,4.882217,4.8908815,4.897874,1,CNN-LSTM,4.8908815,False
2014-01-03 12:40:00,4.9,4.912119,4.939273,4.9425273,1,CNN-LSTM,4.939273,False
2014-01-03 12:45:00,4.93,4.905443,4.954147,4.950245,1,CNN-LSTM,4.954147,False
2014-01-03 12:50:00,4.99,4.964717,4.9959145,4.990941,1,CNN-LSTM,4.9959145,False
2014-01-03 12:55:00,5.11,5.0548973,5.079915,5.079314,1,CNN-LSTM,5.079915,True
2014-01-03 13:00:00,5.24,5.2179737,5.225613,5.2245016,1,CNN-LSTM,5.225613,True
2014-01-03 13:05:00,5.38,5.3288226,5.3573413,5.3475065,1,CNN-LSTM,5.3573413,True
2014-01-03 13:10:00,5.47,5.4686203,5.486195,5.4824533,1,CNN-LSTM,5.486195,False
2014-01-03 13:15:00,5.5,5.502144,5.5466967,5.5443196,1,CNN-LSTM,5.5466967,False
2014-01-03 13:20:00,5.48,5.4900017,5.5599303,5.548884,1,CNN-LSTM,5.5599303,False
2014-01-03 13:25:00,5.46,5.440795,5.5235324,5.5039124,1,CNN-LSTM,5.5235324,False
2014-01-03 13:30:00,5.44,5.4721894,5.529709,5.5137734,1,CNN-LSTM,5.529709,False
2014-01-03 13:35:00,5.46,5.419672,5.493562,5.4867215,1,CNN-LSTM,5.493562,False
2014-01-03 13:40:00,5.49,5.5161557,5.5513844,5.547405,1,CNN-LSTM,5.5513844,False
2014-01-03 13:45:00,5.52,5.508692,5.582512,5.5835834,1,CNN-LSTM,5.582512,False
2014-01-03 13:50:00,5.55,5.548019,5.6150146,5.6204553,1,CNN-LSTM,5.6150146,False
2014-01-03 13:55:00,5.6,5.5614696,5.6345415,5.6418567,1,CNN-LSTM,5.6345415,False
2014-01-03 14:00:00,5.67,5.6442733,5.695347,5.711861,1,CNN-LSTM,5.695347,False
2014-01-03 14:05:00,5.73,5.7300673,5.769365,5.8010044,1,CNN-LSTM,5.769365,False
2014-01-03 14:10:00,5.77,5.7386365,5.797024,5.8353148,1,CNN-LSTM,5.797024,False
2014-01-03 14:15:00,5.84,5.792674,5.8264947,5.8682513,1,CNN-LSTM,5.8264947,True
2014-01-03 14:20:00,5.88,5.8847756,5.8949237,5.9365363,1,CNN-LSTM,5.8949237,False
2014-01-03 14:25:00,5.91,5.875623,5.9053454,5.949945,1,CNN-LSTM,5.9053454,True
2014-01-03 14:30:00,5.92,5.913311,5.9338007,5.971043,1,CNN-LSTM,5.9338007,False
2014-01-03 14:35:00,5.93,5.920204,5.9457464,5.980101,1,CNN-LSTM,5.9457464,False
2014-01-03 14:40:00,5.89,5.9058723,5.941072,5.9729266,1,CNN-LSTM,5.941072,False
2014-01-03 14:45:00,5.87,5.830558,5.894942,5.914793,1,CNN-LSTM,5.894942,False
2014-01-03 14:50:00,5.89,5.8642073,5.8980346,5.915029,1,CNN-LSTM,5.8980346,False
2014-01-03 14:55:00,5.95,5.9297233,5.9311137,5.9700084,1,CNN-LSTM,5.9311137,True
2014-01-03 15:00:00,6.01,5.9929905,5.9983635,6.0363555,1,CNN-LSTM,5.9983635,True
2014-01-03 15:05:00,6.04,6.031418,6.0504613,6.0849442,1,CNN-LSTM,6.0504613,False
2014-01-03 15:10:00,6.04,6.0198946,6.0589185,6.0902953,1,CNN-LSTM,6.0589185,False
2014-01-03 15:15:00,6.03,6.010933,6.0516276,6.0790153,1,CNN-LSTM,6.0516276,False
2014-01-03 15:20:00,6.02,6.002216,6.0382924,6.066552,1,CNN-LSTM,6.0382924,False
2014-01-03 15:25:00,5.99,5.989912,6.0227685,6.0475564,1,CNN-LSTM,6.0227685,False
2014-01-03 15:30:00,5.97,5.9473124,5.9881673,6.007358,1,CNN-LSTM,5.9881673,False
2014-01-03 15:35:00,5.97,5.9374657,5.967014,5.985415,1,CNN-LSTM,5.967014,True
2014-01-03 15:40:00,5.98,5.979857,5.9796867,6.005077,1,CNN-LSTM,5.9796867,True
2014-01-03 15:45:00,5.98,5.989525,5.9992642,6.0313993,1,CNN-LSTM,5.9992642,False
2014-01-03 15:50:00,5.98,5.9538083,5.9863925,6.0169997,1,CNN-LSTM,5.9863925,False
2014-01-03 15:55:00,5.99,5.972735,5.9905853,6.016501,1,CNN-LSTM,5.9905853,False
2014-01-03 16:00:00,6.01,5.9882054,6.003924,6.0269713,1,CNN-LSTM,6.003924,True
2014-01-03 16:05:00,6.02,6.035497,6.0353274,6.060202,1,CNN-LSTM,6.0353274,False
2014-01-03 16:10:00,6.01,6.017151,6.0443635,6.0735135,1,CNN-LSTM,6.0443635,False
2014-01-03 16:15:00,5.97,5.9787664,6.0278926,6.0469723,1,CNN-LSTM,6.0278926,False
2014-01-03 16:20:00,5.91,5.914339,5.9769416,5.9848394,1,CNN-LSTM,5.9769416,False
2014-01-03 16:25:00,5.84,5.8791504,5.9360957,5.937437,1,CNN-LSTM,5.9360957,False
2014-01-03 16:30:00,5.76,5.781709,5.8732963,5.86418,1,CNN-LSTM,5.8732963,False
2014-01-03 16:35:00,5.66,5.712921,5.8101315,5.78712,1,CNN-LSTM,5.8101315,False
2014-01-03 16:40:00,5.54,5.5804973,5.707975,5.686412,1,CNN-LSTM,5.707975,False
2014-01-03 16:45:00,5.44,5.4718094,5.6015778,5.576072,1,CNN-LSTM,5.6015778,False
2014-01-03 16:50:00,5.32,5.3984957,5.5163417,5.4987216,1,CNN-LSTM,5.5163417,False
2014-01-03 16:55:00,5.24,5.2903576,5.41713,5.419337,1,CNN-LSTM,5.41713,False
2014-01-03 17:00:00,5.17,5.1693172,5.30997,5.3104763,1,CNN-LSTM,5.30997,False
2014-01-03 17:05:00,5.12,5.172786,5.25854,5.255115,1,CNN-LSTM,5.25854,False
2014-01-03 17:10:00,5.12,5.1379786,5.238787,5.2304397,1,CNN-LSTM,5.238787,False
2014-01-03 17:15:00,5.16,5.170649,5.270899,5.252484,1,CNN-LSTM,5.270899,False
2014-01-03 17:20:00,5.17,5.212911,5.317803,5.280718,1,CNN-LSTM,5.317803,False
2014-01-03 17:25:00,5.2,5.252241,5.3687987,5.3229604,1,CNN-LSTM,5.3687987,False
2014-01-03 17:30:00,5.24,5.231435,5.3735166,5.3325186,1,CNN-LSTM,5.3735166,False
2014-01-03 17:35:00,5.27,5.309512,5.406215,5.3536277,1,CNN-LSTM,5.406215,False
2014-01-03 17:40:00,5.31,5.347729,5.450839,5.4029202,1,CNN-LSTM,5.450839,False
2014-01-03 17:45:00,5.37,5.346821,5.456129,5.419621,1,CNN-LSTM,5.456129,False
2014-01-03 17:50:00,5.45,5.4586077,5.519008,5.4740114,1,CNN-LSTM,5.519008,False
2014-01-03 17:55:00,5.52,5.5152407,5.5888863,5.5374365,1,CNN-LSTM,5.5888863,False
2014-01-03 18:00:00,5.59,5.615136,5.669059,5.616764,1,CNN-LSTM,5.669059,False
2014-01-03 18:05:00,5.68,5.6680627,5.7402325,5.689794,1,CNN-LSTM,5.7402325,False
2014-01-03 18:10:00,5.77,5.7585316,5.819006,5.765697,1,CNN-LSTM,5.819006,False
2014-01-03 18:15:00,5.84,5.8557835,5.9019322,5.848558,1,CNN-LSTM,5.9019322,False
2014-01-03 18:20:00,5.93,5.936635,5.9984226,5.938731,1,CNN-LSTM,5.9984226,False
2014-01-03 18:25:00,6.05,6.045545,6.1098266,6.06214,1,CNN-LSTM,6.1098266,False
2014-01-03 18:30:00,6.21,6.1930695,6.256162,6.218716,1,CNN-LSTM,6.256162,False
2014-01-03 18:35:00,6.37,6.370949,6.409859,6.382935,1,CNN-LSTM,6.409859,False
2014-01-03 18:40:00,6.52,6.539831,6.554966,6.5537395,1,CNN-LSTM,6.554966,False
2014-01-03 18:45:00,6.64,6.67796,6.684918,6.6921024,1,CNN-LSTM,6.684918,False
2014-01-03 18:50:00,6.74,6.7630587,6.7810626,6.79412,1,CNN-LSTM,6.7810626,False
2014-01-03 18:55:00,6.83,6.820465,6.835986,6.8528366,1,CNN-LSTM,6.835986,False
2014-01-03 19:00:00,6.93,6.9562025,6.9329896,6.9411407,1,CNN-LSTM,6.9329896,False
2014-01-03 19:05:00,7.04,7.076374,7.05817,7.053837,1,CNN-LSTM,7.05817,False
2014-01-03 19:10:00,7.13,7.156708,7.151676,7.1577535,1,CNN-LSTM,7.151676,False
2014-01-03 19:15:00,7.18,7.223621,7.209987,7.2230644,1,CNN-LSTM,7.209987,False
2014-01-03 19:20:00,7.21,7.248001,7.238504,7.2517567,1,CNN-LSTM,7.238504,False
2014-01-03 19:25:00,7.23,7.2650247,7.2519855,7.266533,1,CNN-LSTM,7.2519855,False
2014-01-03 19:30:00,7.23,7.2942038,7.2768474,7.2934113,1,CNN-LSTM,7.2768474,False
2014-01-03 19:35:00,7.22,7.258185,7.2572494,7.275979,1,CNN-LSTM,7.2572494,False
2014-01-03 19:40:00,7.21,7.2551794,7.2369905,7.2584286,1,CNN-LSTM,7.2369905,False
2014-01-03 19:45:00,7.17,7.239787,7.2224264,7.242444,1,CNN-LSTM,7.2224264,False
2014-01-03 19:50:00,7.08,7.1707172,7.154586,7.1953454,1,CNN-LSTM,7.154586,False
2014-01-03 19:55:00,6.99,7.035988,7.059045,7.1117516,1,CNN-LSTM,7.059045,False
2014-01-03 20:00:00,6.96,6.987572,6.99814,7.047608,1,CNN-LSTM,6.99814,False
2014-01-03 20:05:00,6.98,7.0268726,7.0086193,7.0438437,1,CNN-LSTM,7.0086193,False
2014-01-03 20:10:00,7.01,7.039936,7.0285954,7.065619,1,CNN-LSTM,7.0285954,False
2014-01-03 20:15:00,7.05,7.0816145,7.060621,7.091638,1,CNN-LSTM,7.060621,False
2014-01-03 20:20:00,7.08,7.1186438,7.105218,7.1301484,1,CNN-LSTM,7.105218,False
2014-01-03 20:25:00,7.09,7.091803,7.094626,7.120497,1,CNN-LSTM,7.094626,False
2014-01-03 20:30:00,7.08,7.095697,7.0809135,7.10407,1,CNN-LSTM,7.0809135,False
2014-01-03 20:35:00,7.06,7.085357,7.0657697,7.083136,1,CNN-LSTM,7.0657697,False
2014-01-03 20:40:00,7.04,7.0702195,7.0489545,7.0642543,1,CNN-LSTM,7.0489545,False
2014-01-03 20:45:00,7.02,7.0648527,7.0421677,7.059512,1,CNN-LSTM,7.0421677,False
2014-01-03 20:50:00,7.01,7.0331674,7.026133,7.0385613,1,CNN-LSTM,7.026133,False
2014-01-03 20:55:00,7.03,7.060768,7.033028,7.0455565,1,CNN-LSTM,7.033028,False
2014-01-03 21:00:00,7.06,7.077079,7.0526156,7.0637546,1,CNN-LSTM,7.0526156,True
2014-01-03 21:05:00,7.08,7.136197,7.0970926,7.105823,1,CNN-LSTM,7.0970926,False
2014-01-03 21:10:00,7.1,7.113125,7.1004567,7.1142955,1,CNN-LSTM,7.1004567,False
2014-01-03 21:15:00,7.13,7.1600094,7.1250067,7.1325765,1,CNN-LSTM,7.1250067,True
2014-01-03 21:20:00,7.14,7.177494,7.1482882,7.1550355,1,CNN-LSTM,7.1482882,False
2014-01-03 21:25:00,7.12,7.173238,7.144665,7.1570344,1,CNN-LSTM,7.144665,False
2014-01-03 21:30:00,7.09,7.1122937,7.1027193,7.115298,1,CNN-LSTM,7.1027193,False
2014-01-03 21:35:00,7.07,7.1149983,7.0864763,7.093695,1,CNN-LSTM,7.0864763,False
2014-01-03 21:40:00,7.04,7.088798,7.074202,7.080541,1,CNN-LSTM,7.074202,False
2014-01-03 21:45:00,6.97,7.041818,7.04234,7.0428367,1,CNN-LSTM,7.04234,False
2014-01-03 21:50:00,6.89,6.9553995,6.9854236,6.9770455,1,CNN-LSTM,6.9854236,False
2014-01-03 21:55:00,6.79,6.849081,6.9068985,6.88255,1,CNN-LSTM,6.9068985,False
2014-01-03 22:00:00,6.72,6.759284,6.819627,6.791637,1,CNN-LSTM,6.819627,False
2014-01-03 22:05:00,6.66,6.710165,6.7584844,6.7308555,1,CNN-LSTM,6.7584844,False
2014-01-03 22:10:00,6.62,6.6687026,6.71455,6.6965284,1,CNN-LSTM,6.71455,False
2014-01-03 22:15:00,6.57,6.625251,6.681849,6.6635594,1,CNN-LSTM,6.681849,False
2014-01-03 22:20:00,6.51,6.552369,6.625727,6.5996404,1,CNN-LSTM,6.625727,False
2014-01-03 22:25:00,6.43,6.4868956,6.5569906,6.522859,1,CNN-LSTM,6.5569906,False
2014-01-03 22:30:00,6.33,6.3825016,6.458432,6.4163103,1,CNN-LSTM,6.458432,False
2014-01-03 22:35:00,6.24,6.2753563,6.339107,6.290359,1,CNN-LSTM,6.339107,False
2014-01-03 22:40:00,6.16,6.20782,6.2523103,6.190489,1,CNN-LSTM,6.2523103,False
2014-01-03 22:45:00,6.06,6.134768,6.1829677,6.116962,1,CNN-LSTM,6.1829677,False
2014-01-03 22:50:00,5.92,5.9797754,6.04803,5.988326,1,CNN-LSTM,6.04803,False
2014-01-03 22:55:00,5.71,5.8107243,5.841537,5.8202167,1,CNN-LSTM,5.841537,False
2014-01-03 23:00:00,5.52,5.5686007,5.622706,5.5854974,1,CNN-LSTM,5.622706,False
2014-01-03 23:05:00,5.36,5.3804984,5.4291844,5.392912,1,CNN-LSTM,5.4291844,False
2014-01-03 23:10:00,5.26,5.287981,5.303991,5.2736125,1,CNN-LSTM,5.303991,False
2014-01-03 23:15:00,5.23,5.21235,5.2446065,5.206965,1,CNN-LSTM,5.2446065,False
2014-01-03 23:20:00,5.27,5.2426796,5.2576423,5.222138,1,CNN-LSTM,5.2576423,True
2014-01-03 23:25:00,5.31,5.335936,5.3552837,5.3107357,1,CNN-LSTM,5.3552837,False
2014-01-03 23:30:00,5.32,5.3394246,5.4078364,5.354346,1,CNN-LSTM,5.4078364,False
2014-01-03 23:35:00,5.31,5.3026567,5.3717113,5.323191,1,CNN-LSTM,5.3717113,False
2014-01-03 23:40:00,5.27,5.2974405,5.346309,5.2900147,1,CNN-LSTM,5.346309,False
2014-01-03 23:45:00,5.18,5.2440014,5.2946715,5.2405515,1,CNN-LSTM,5.2946715,False
2014-01-03 23:50:00,5.05,5.0908985,5.141867,5.1144633,1,CNN-LSTM,5.141867,False
2014-01-03 23:55:00,4.93,4.973602,4.9761357,4.960605,1,CNN-LSTM,4.9761357,False
2014-01-04 00:00:00,4.84,4.8632083,4.8766184,4.839092,1,CNN-LSTM,4.8766184,False
2014-01-04 00:05:00,4.73,4.7927437,4.8028364,4.7518854,1,CNN-LSTM,4.8028364,False
2014-01-04 00:10:00,4.58,4.6359143,4.686224,4.617472,1,CNN-LSTM,4.686224,False
2014-01-04 00:15:00,4.46,4.451924,4.510987,4.427302,1,CNN-LSTM,4.510987,False
2014-01-04 00:20:00,4.38,4.3995667,4.393598,4.3152833,1,CNN-LSTM,4.393598,False
2014-01-04 00:25:00,4.3,4.31942,4.337827,4.2640195,1,CNN-LSTM,4.337827,False
2014-01-04 00:30:00,4.22,4.223129,4.2505746,4.191053,1,CNN-LSTM,4.2505746,False
2014-01-04 00:35:00,4.18,4.1481957,4.167723,4.108131,1,CNN-LSTM,4.167723,True
2014-01-04 00:40:00,4.2,4.173201,4.1619287,4.1067886,1,CNN-LSTM,4.1619287,True
2014-01-04 00:45:00,4.26,4.240518,4.198456,4.1826663,1,CNN-LSTM,4.198456,True
2014-01-04 00:50:00,4.34,4.3059263,4.2902207,4.270057,1,CNN-LSTM,4.2902207,True
2014-01-04 00:55:00,4.44,4.421128,4.4374185,4.402228,1,CNN-LSTM,4.4374185,True
2014-01-04 01:00:00,4.54,4.4992957,4.5491996,4.515983,1,CNN-LSTM,4.5491996,False
2014-01-04 01:05:00,4.66,4.616184,4.647177,4.6229596,1,CNN-LSTM,4.647177,True
2014-01-04 01:10:00,4.81,4.757896,4.7700706,4.759344,1,CNN-LSTM,4.7700706,True
2014-01-04 01:15:00,4.93,4.9242234,4.924688,4.9013367,1,CNN-LSTM,4.924688,True
2014-01-04 01:20:00,5.04,4.983796,5.028523,4.989531,1,CNN-LSTM,5.028523,True
2014-01-04 01:25:00,5.16,5.1455517,5.152156,5.103488,1,CNN-LSTM,5.152156,True
2014-01-04 01:30:00,5.29,5.2589374,5.296354,5.2446375,1,CNN-LSTM,5.296354,False
2014-01-04 01:35:00,5.41,5.4137807,5.4535823,5.4046016,1,CNN-LSTM,5.4535823,False
2014-01-04 01:40:00,5.49,5.4963503,5.558822,5.503656,1,CNN-LSTM,5.558822,False
2014-01-04 01:45:00,5.5,5.5374875,5.603572,5.537341,1,CNN-LSTM,5.603572,False
2014-01-04 01:50:00,5.49,5.505477,5.584823,5.5223722,1,CNN-LSTM,5.584823,False
2014-01-04 01:55:00,5.48,5.5025573,5.57208,5.517342,1,CNN-LSTM,5.57208,False
2014-01-04 02:00:00,5.46,5.4858656,5.5548925,5.5115232,1,CNN-LSTM,5.5548925,False
2014-01-04 02:05:00,5.46,5.456951,5.528806,5.4902024,1,CNN-LSTM,5.528806,False
2014-01-04 02:10:00,5.48,5.4896507,5.546081,5.502543,1,CNN-LSTM,5.546081,False
2014-01-04 02:15:00,5.47,5.5128307,5.5807104,5.5324697,1,CNN-LSTM,5.5807104,False
2014-01-04 02:20:00,5.46,5.4728327,5.556357,5.5132413,1,CNN-LSTM,5.556357,False
2014-01-04 02:25:00,5.48,5.4714274,5.5484242,5.490711,1,CNN-LSTM,5.5484242,False
2014-01-04 02:30:00,5.48,5.5203137,5.5857644,5.5161605,1,CNN-LSTM,5.5857644,False
2014-01-04 02:35:00,5.46,5.475277,5.55753,5.487969,1,CNN-LSTM,5.55753,False
2014-01-04 02:40:00,5.44,5.4506907,5.5202885,5.4371796,1,CNN-LSTM,5.5202885,False
2014-01-04 02:45:00,5.39,5.4332933,5.505774,5.412832,1,CNN-LSTM,5.505774,False
2014-01-04 02:50:00,5.34,5.352714,5.446796,5.3492584,1,CNN-LSTM,5.446796,False
2014-01-04 02:55:00,5.3,5.3019886,5.384526,5.2852845,1,CNN-LSTM,5.384526,False
2014-01-04 03:00:00,5.26,5.2834606,5.3541336,5.2529254,1,CNN-LSTM,5.3541336,False
2014-01-04 03:05:00,5.22,5.2243214,5.3043647,5.2070823,1,CNN-LSTM,5.3043647,False
2014-01-04 03:10:00,5.16,5.168084,5.2527127,5.1386514,1,CNN-LSTM,5.2527127,False
2014-01-04 03:15:00,5.1,5.090711,5.165232,5.062225,1,CNN-LSTM,5.165232,False
2014-01-04 03:20:00,5.07,5.043739,5.0911183,5.001254,1,CNN-LSTM,5.0911183,False
2014-01-04 03:25:00,5.05,5.0515633,5.0771074,4.994969,1,CNN-LSTM,5.0771074,False
2014-01-04 03:30:00,5.05,5.033083,5.074607,4.9972224,1,CNN-LSTM,5.074607,False
2014-01-04 03:35:00,5.07,5.042932,5.084595,5.0052295,1,CNN-LSTM,5.084595,False
2014-01-04 03:40:00,5.09,5.070835,5.108537,5.0231867,1,CNN-LSTM,5.108537,False
2014-01-04 03:45:00,5.09,5.0908723,5.1281753,5.0470676,1,CNN-LSTM,5.1281753,False
2014-01-04 03:50:00,5.08,5.0838323,5.126735,5.050882,1,CNN-LSTM,5.126735,False
2014-01-04 03:55:00,5.06,5.076968,5.118039,5.0411572,1,CNN-LSTM,5.118039,False
2014-01-04 04:00:00,5.04,5.052311,5.0943713,5.0164504,1,CNN-LSTM,5.0943713,False
2014-01-04 04:05:00,5.03,5.0343757,5.0725827,4.9879336,1,CNN-LSTM,5.0725827,False
2014-01-04 04:10:00,5.03,5.036489,5.058485,4.9766755,1,CNN-LSTM,5.058485,False
2014-01-04 04:15:00,5.04,5.0449195,5.0634403,4.9833245,1,CNN-LSTM,5.0634403,False
2014-01-04 04:20:00,5.03,5.0631366,5.082259,4.999719,1,CNN-LSTM,5.082259,False
2014-01-04 04:25:00,5.01,5.044159,5.07933,5.0048976,1,CNN-LSTM,5.07933,False
2014-01-04 04:30:00,5.01,5.018304,5.0598435,4.988563,1,CNN-LSTM,5.0598435,False
2014-01-04 04:35:00,5.0,5.0295644,5.062854,4.993517,1,CNN-LSTM,5.062854,False
2014-01-04 04:40:00,4.98,4.99899,5.0445743,4.9760914,1,CNN-LSTM,5.0445743,False
2014-01-04 04:45:00,4.95,4.9506087,4.992312,4.929911,1,CNN-LSTM,4.992312,False
2014-01-04 04:50:00,4.93,4.9413753,4.9602027,4.901027,1,CNN-LSTM,4.9602027,False
2014-01-04 04:55:00,4.92,4.9360642,4.964529,4.9074507,1,CNN-LSTM,4.964529,False
2014-01-04 05:00:00,4.91,4.9257464,4.9668345,4.9155455,1,CNN-LSTM,4.9668345,False
2014-01-04 05:05:00,4.89,4.9204407,4.9663396,4.9156675,1,CNN-LSTM,4.9663396,False
2014-01-04 05:10:00,4.83,4.8557515,4.925257,4.8615584,1,CNN-LSTM,4.925257,False
2014-01-04 05:15:00,4.75,4.778849,4.839112,4.7643404,1,CNN-LSTM,4.839112,False
2014-01-04 05:20:00,4.68,4.6933513,4.7496514,4.6591682,1,CNN-LSTM,4.7496514,False
2014-01-04 05:25:00,4.6,4.6408005,4.6772475,4.578838,1,CNN-LSTM,4.6772475,False
2014-01-04 05:30:00,4.53,4.5675454,4.607761,4.5123324,1,CNN-LSTM,4.607761,False
2014-01-04 05:35:00,4.46,4.496854,4.5367274,4.450627,1,CNN-LSTM,4.5367274,False
2014-01-04 05:40:00,4.4,4.416292,4.451097,4.376753,1,CNN-LSTM,4.451097,False
2014-01-04 05:45:00,4.37,4.3592634,4.3845496,4.2988124,1,CNN-LSTM,4.3845496,False
2014-01-04 05:50:00,4.33,4.336395,4.346672,4.2629623,1,CNN-LSTM,4.346672,False
2014-01-04 05:55:00,4.31,4.3163958,4.3191566,4.2477894,1,CNN-LSTM,4.3191566,False
2014-01-04 06:00:00,4.28,4.2757454,4.28894,4.2291617,1,CNN-LSTM,4.28894,False
2014-01-04 06:05:00,4.24,4.244081,4.245339,4.187691,1,CNN-LSTM,4.245339,False
2014-01-04 06:10:00,4.22,4.2220626,4.212913,4.1626935,1,CNN-LSTM,4.212913,True
2014-01-04 06:15:00,4.21,4.218259,4.2076635,4.161282,1,CNN-LSTM,4.2076635,True
2014-01-04 06:20:00,4.21,4.208729,4.2011113,4.158321,1,CNN-LSTM,4.2011113,True
2014-01-04 06:25:00,4.21,4.207305,4.1961913,4.1519427,1,CNN-LSTM,4.1961913,True
2014-01-04 06:30:00,4.24,4.229256,4.2064886,4.167326,1,CNN-LSTM,4.2064886,True
2014-01-04 06:35:00,4.27,4.2661424,4.242948,4.2087965,1,CNN-LSTM,4.242948,True
2014-01-04 06:40:00,4.31,4.3055863,4.28762,4.2632966,1,CNN-LSTM,4.28762,True
2014-01-04 06:45:00,4.34,4.3457994,4.33562,4.3130207,1,CNN-LSTM,4.33562,True
2014-01-04 06:50:00,4.35,4.35268,4.3638415,4.332654,1,CNN-LSTM,4.3638415,False
2014-01-04 06:55:00,4.33,4.35016,4.3551116,4.3287764,1,CNN-LSTM,4.3551116,False
2014-01-04 07:00:00,4.28,4.319603,4.3344655,4.2995615,1,CNN-LSTM,4.3344655,False
2014-01-04 07:05:00,4.22,4.267032,4.291117,4.2439175,1,CNN-LSTM,4.291117,False
2014-01-04 07:10:00,4.18,4.2117224,4.2459803,4.186536,1,CNN-LSTM,4.2459803,False
2014-01-04 07:15:00,4.15,4.1782794,4.211888,4.1371565,1,CNN-LSTM,4.211888,False
2014-01-04 07:20:00,4.1,4.1690974,4.1958976,4.1122985,1,CNN-LSTM,4.1958976,False
2014-01-04 07:25:00,4.0,4.0871096,4.137905,4.053866,1,CNN-LSTM,4.137905,False
2014-01-04 07:30:00,3.83,3.9785419,4.052683,3.9536443,1,CNN-LSTM,4.052683,False
2014-01-04 07:35:00,3.64,3.7497773,3.8666184,3.7853434,1,CNN-LSTM,3.8666184,False
2014-01-04 07:40:00,3.45,3.5496845,3.627295,3.5645468,1,CNN-LSTM,3.627295,False
2014-01-04 07:45:00,3.38,3.3724651,3.4247417,3.3770344,1,CNN-LSTM,3.4247417,False
2014-01-04 07:50:00,3.39,3.3659258,3.3829844,3.306099,1,CNN-LSTM,3.3829844,True
2014-01-04 07:55:00,3.47,3.3920417,3.4191165,3.3188655,1,CNN-LSTM,3.4191165,True
2014-01-04 08:00:00,3.65,3.4600592,3.4965324,3.3713198,1,CNN-LSTM,3.4965324,True
2014-01-04 08:05:00,3.8,3.5947447,3.579228,3.445486,1,CNN-LSTM,3.579228,True
2014-01-04 08:10:00,3.81,3.7443218,3.6539698,3.5634916,1,CNN-LSTM,3.6539698,True
2014-01-04 08:15:00,3.83,3.8776884,3.73956,3.7865896,1,CNN-LSTM,3.73956,True
2014-01-04 08:20:00,3.92,3.8506098,3.8152153,3.873738,1,CNN-LSTM,3.8152153,True
2014-01-04 08:25:00,4.11,4.040875,3.9718194,4.013289,1,CNN-LSTM,3.9718194,True
2014-01-04 08:30:00,4.21,4.2061768,4.12662,4.179746,1,CNN-LSTM,4.12662,True
2014-01-04 08:35:00,4.3,4.310775,4.2454276,4.3169065,1,CNN-LSTM,4.2454276,True
2014-01-04 08:40:00,4.48,4.423036,4.3800273,4.4217377,1,CNN-LSTM,4.3800273,True
2014-01-04 08:45:00,4.55,4.63458,4.586762,4.6043434,1,CNN-LSTM,4.586762,False
2014-01-04 08:50:00,4.58,4.487115,4.526358,4.5318236,1,CNN-LSTM,4.526358,True
2014-01-04 08:55:00,4.65,4.6685333,4.6012635,4.6184306,1,CNN-LSTM,4.6012635,True
2014-01-04 09:00:00,4.69,4.739618,4.701426,4.731869,1,CNN-LSTM,4.701426,False
2014-01-04 09:05:00,4.73,4.6460657,4.6536756,4.672007,1,CNN-LSTM,4.6536756,True
2014-01-04 09:10:00,4.85,4.817533,4.751594,4.7677245,1,CNN-LSTM,4.751594,True
2014-01-04 09:15:00,4.96,4.973732,4.9292126,4.964617,1,CNN-LSTM,4.9292126,True
2014-01-04 09:20:00,5.04,4.996445,5.020231,5.027473,1,CNN-LSTM,5.020231,True
2014-01-04 09:25:00,5.17,5.1022787,5.1103253,5.1137166,1,CNN-LSTM,5.1103253,True
2014-01-04 09:30:00,5.31,5.3067007,5.303422,5.3251123,1,CNN-LSTM,5.303422,True
2014-01-04 09:35:00,5.37,5.3708954,5.4144235,5.422961,1,CNN-LSTM,5.4144235,False
2014-01-04 09:40:00,5.5,5.37077,5.439483,5.4334116,1,CNN-LSTM,5.439483,True
2014-01-04 09:45:00,5.67,5.6811023,5.66606,5.6761003,1,CNN-LSTM,5.66606,True
2014-01-04 09:50:00,5.7,5.7669153,5.8019576,5.8289156,1,CNN-LSTM,5.8019576,False
2014-01-04 09:55:00,5.84,5.6350746,5.7247243,5.761298,1,CNN-LSTM,5.7247243,True
2014-01-04 10:00:00,6.02,6.0395937,5.984059,6.009857,1,CNN-LSTM,5.984059,True
2014-01-04 10:05:00,6.02,6.132992,6.123421,6.193542,1,CNN-LSTM,6.123421,False
2014-01-04 10:10:00,6.06,5.9087615,6.006704,6.063784,1,CNN-LSTM,6.006704,True
2014-01-04 10:15:00,6.21,6.187508,6.1379714,6.193176,1,CNN-LSTM,6.1379714,True
2014-01-04 10:20:00,6.29,6.32893,6.271069,6.363733,1,CNN-LSTM,6.271069,True
2014-01-04 10:25:00,6.39,6.3283052,6.3117204,6.4116654,1,CNN-LSTM,6.3117204,True
2014-01-04 10:30:00,6.47,6.475346,6.416287,6.5115123,1,CNN-LSTM,6.416287,True
2014-01-04 10:35:00,6.56,6.5066385,6.4853067,6.570664,1,CNN-LSTM,6.4853067,True
2014-01-04 10:40:00,6.62,6.635833,6.5930123,6.673984,1,CNN-LSTM,6.5930123,True
2014-01-04 10:45:00,6.6,6.618303,6.608948,6.6796966,1,CNN-LSTM,6.608948,False
2014-01-04 10:50:00,6.55,6.541142,6.5322037,6.606806,1,CNN-LSTM,6.5322037,True
2014-01-04 10:55:00,6.52,6.5250044,6.4845285,6.5640035,1,CNN-LSTM,6.4845285,True
2014-01-04 11:00:00,6.53,6.5164723,6.464406,6.543325,1,CNN-LSTM,6.464406,True
2014-01-04 11:05:00,4.0,6.556561,6.4846025,6.5682635,1,CNN-LSTM,6.4846025,False
2014-01-04 11:10:00,4.01,4.4227195,3.4012427,3.1104867,1,CNN-LSTM,3.4012427,True
2014-01-04 11:15:00,4.04,4.2441487,4.545654,4.4436493,1,CNN-LSTM,4.545654,False
